Week_ID,Date,SKU,Region,Forecast_Demand,Actual_Demand,Current_Stock,Production_Capacity_Used,Is_Festival,Supplier_OnTime_Rate,RawMaterial_LeadTime_Days,Plant,Forecast_Error,Abs_Forecast_Error,Forecast_Error_Pct,Year,Month,Week_of_Year,Lag1_Actual_Demand,Lag2_Actual_Demand,Lag3_Actual_Demand,Adjusted_Forecast,safety_stock,reorder_point,stock_out_risk,overstock_risk,optimal_stock
1,2023-01-01,Potato Chips,Mumbai,34.4,39.4,7,19,0,0.74,7,Pune,5.0,5.0,14.534883720930234,2023,1,52,,,,37.84,18.92,28.380000000000003,True,False,False
1,2023-01-01,Potato Chips,Kolkata,23.0,21.0,17,17,0,0.71,6,Delhi,-2.0,2.0,-8.695652173913043,2023,1,52,,,,18.400000000000002,9.200000000000001,13.8,False,False,False
1,2023-01-01,Potato Chips,Delhi,31.0,35.0,14,15,0,0.78,10,Delhi,4.0,4.0,12.903225806451612,2023,1,52,,,,31.0,15.5,23.25,True,False,False
1,2023-01-01,Nachos,Mumbai,46.4,46.4,14,24,0,0.71,7,Pune,0.0,0.0,0.0,2023,1,52,,,,51.04,25.52,38.28,True,False,False
1,2023-01-01,Nachos,Kolkata,22.7,22.7,12,19,0,0.85,9,Delhi,0.0,0.0,0.0,2023,1,52,,,,18.16,9.08,13.620000000000001,False,False,True
1,2023-01-01,Nachos,Delhi,29.0,29.0,21,16,0,0.8,14,Delhi,0.0,0.0,0.0,2023,1,52,,,,29.0,14.5,21.75,False,False,True
1,2023-01-01,Cookies,Mumbai,27.4,33.4,6,22,0,0.71,5,Pune,6.0,6.0,21.897810218978105,2023,1,52,,,,30.14,15.07,22.605,True,False,False
1,2023-01-01,Cookies,Kolkata,19.0,17.0,35,20,0,0.84,10,Delhi,-2.0,2.0,-10.526315789473683,2023,1,52,,,,19.0,9.5,14.25,False,True,False
1,2023-01-01,Cookies,Delhi,41.0,39.0,23,18,0,0.85,12,Delhi,-2.0,2.0,-4.878048780487805,2023,1,52,,,,41.0,20.5,30.75,False,False,True
1,2023-01-01,Energy Bar,Mumbai,47.2,52.2,7,19,0,0.8,6,Pune,5.0,5.0,10.59322033898305,2023,1,52,,,,51.92000000000001,25.960000000000004,38.940000000000005,True,False,False
1,2023-01-01,Energy Bar,Kolkata,22.8,24.8,21,23,0,0.77,5,Delhi,2.0,2.0,8.771929824561402,2023,1,52,,,,18.240000000000002,9.120000000000001,13.680000000000001,False,False,False
1,2023-01-01,Energy Bar,Delhi,29.0,30.0,17,22,0,0.7,7,Delhi,1.0,1.0,3.4482758620689653,2023,1,52,,,,29.0,14.5,21.75,False,False,True
1,2023-01-01,Instant Noodles,Mumbai,52.4,43.4,10,19,0,0.93,14,Pune,-9.0,9.0,-17.17557251908397,2023,1,52,,,,57.64,28.82,43.230000000000004,True,False,False
1,2023-01-01,Instant Noodles,Kolkata,20.6,23.6,11,15,0,0.72,11,Delhi,3.0,3.0,14.563106796116504,2023,1,52,,,,16.48,8.24,12.36,False,False,True
1,2023-01-01,Instant Noodles,Delhi,21.0,22.0,20,17,0,0.82,9,Delhi,1.0,1.0,4.761904761904762,2023,1,52,,,,21.0,10.5,15.75,False,False,False
2,2023-01-08,Potato Chips,Mumbai,44.6,49.6,6,21,0,0.71,14,Pune,5.0,5.0,11.210762331838565,2023,1,1,39.4,,,49.06,24.53,36.795,True,False,False
2,2023-01-08,Potato Chips,Kolkata,17.3,19.3,10,18,0,0.84,8,Delhi,2.0,2.0,11.560693641618498,2023,1,1,21.0,,,13.840000000000002,6.920000000000001,10.38,False,False,True
2,2023-01-08,Potato Chips,Delhi,25.0,27.0,22,18,0,0.94,11,Delhi,2.0,2.0,8.0,2023,1,1,35.0,,,25.0,12.5,18.75,False,False,True
2,2023-01-08,Nachos,Mumbai,53.2,55.2,12,23,0,0.73,8,Pune,2.0,2.0,3.7593984962406015,2023,1,1,46.4,,,58.52000000000001,29.260000000000005,43.89000000000001,True,False,False
2,2023-01-08,Nachos,Kolkata,25.0,22.0,16,15,0,0.77,13,Delhi,-3.0,3.0,-12.0,2023,1,1,22.7,,,20.0,10.0,15.0,False,False,True
2,2023-01-08,Nachos,Delhi,42.0,37.0,17,23,0,0.82,5,Delhi,-5.0,5.0,-11.904761904761903,2023,1,1,29.0,,,42.0,21.0,31.5,True,False,False
2,2023-01-08,Cookies,Mumbai,57.2,56.2,5,22,0,0.88,5,Pune,-1.0,1.0,-1.7482517482517481,2023,1,1,33.4,,,62.92000000000001,31.460000000000004,47.190000000000005,True,False,False
2,2023-01-08,Cookies,Kolkata,40.0,42.0,36,16,0,0.88,9,Delhi,2.0,2.0,5.0,2023,1,1,17.0,,,40.0,20.0,30.0,False,False,True
2,2023-01-08,Cookies,Delhi,38.0,29.0,11,16,0,0.8,11,Delhi,-9.0,9.0,-23.684210526315788,2023,1,1,39.0,,,38.0,19.0,28.5,True,False,False
2,2023-01-08,Energy Bar,Mumbai,28.6,39.6,5,19,0,0.82,10,Pune,11.0,11.0,38.46153846153846,2023,1,1,52.2,,,31.460000000000004,15.730000000000002,23.595000000000002,True,False,False
2,2023-01-08,Energy Bar,Kolkata,17.1,19.1,10,20,0,0.79,8,Delhi,2.0,2.0,11.695906432748536,2023,1,1,24.8,,,13.680000000000001,6.840000000000001,10.260000000000002,False,False,True
2,2023-01-08,Energy Bar,Delhi,21.0,14.0,18,20,0,0.87,7,Delhi,-7.0,7.0,-33.33333333333333,2023,1,1,30.0,,,21.0,10.5,15.75,False,False,True
2,2023-01-08,Instant Noodles,Mumbai,52.6,49.6,14,17,0,0.79,11,Pune,-3.0,3.0,-5.7034220532319395,2023,1,1,43.4,,,57.86000000000001,28.930000000000003,43.395,True,False,False
2,2023-01-08,Instant Noodles,Kolkata,30.3,26.3,11,22,0,0.73,13,Delhi,-4.0,4.0,-13.2013201320132,2023,1,1,23.6,,,24.240000000000002,12.120000000000001,18.18,True,False,False
2,2023-01-08,Instant Noodles,Delhi,38.0,39.0,12,21,0,0.86,14,Delhi,1.0,1.0,2.631578947368421,2023,1,1,22.0,,,38.0,19.0,28.5,True,False,False
3,2023-01-15,Potato Chips,Mumbai,52.0,42.0,5,15,0,0.72,9,Pune,-10.0,10.0,-19.230769230769234,2023,1,2,49.6,39.4,,57.2,28.6,42.900000000000006,True,False,False
3,2023-01-15,Potato Chips,Kolkata,17.8,11.8,12,17,0,0.91,10,Delhi,-6.0,6.0,-33.70786516853933,2023,1,2,19.3,21.0,,14.240000000000002,7.120000000000001,10.680000000000001,False,False,True
3,2023-01-15,Potato Chips,Delhi,22.0,13.0,17,18,0,0.92,8,Delhi,-9.0,9.0,-40.909090909090914,2023,1,2,27.0,35.0,,22.0,11.0,16.5,False,False,True
3,2023-01-15,Nachos,Mumbai,33.8,35.8,5,16,0,0.82,7,Pune,2.0,2.0,5.9171597633136095,2023,1,2,55.2,46.4,,37.18,18.59,27.884999999999998,True,False,False
3,2023-01-15,Nachos,Kolkata,27.5,20.5,10,19,0,0.74,12,Delhi,-7.0,7.0,-25.454545454545453,2023,1,2,22.0,22.7,,22.0,11.0,16.5,True,False,False
3,2023-01-15,Nachos,Delhi,28.0,20.0,21,17,0,0.86,10,Delhi,-8.0,8.0,-28.57142857142857,2023,1,2,37.0,29.0,,28.0,14.0,21.0,False,False,True
3,2023-01-15,Cookies,Mumbai,46.2,41.2,5,22,0,0.86,6,Pune,-5.0,5.0,-10.822510822510822,2023,1,2,56.2,33.4,,50.82000000000001,25.410000000000004,38.11500000000001,True,False,False
3,2023-01-15,Cookies,Kolkata,15.0,25.0,45,17,0,0.84,5,Delhi,10.0,10.0,66.66666666666666,2023,1,2,42.0,17.0,,15.0,7.5,11.25,False,True,False
3,2023-01-15,Cookies,Delhi,35.0,40.0,18,19,0,0.93,5,Delhi,5.0,5.0,14.285714285714285,2023,1,2,29.0,39.0,,35.0,17.5,26.25,False,False,True
3,2023-01-15,Energy Bar,Mumbai,45.2,50.2,5,18,0,0.77,9,Pune,5.0,5.0,11.061946902654867,2023,1,2,39.6,52.2,,49.720000000000006,24.860000000000003,37.290000000000006,True,False,False
3,2023-01-15,Energy Bar,Kolkata,11.0,15.0,19,20,0,0.87,12,Delhi,4.0,4.0,36.36363636363637,2023,1,2,19.1,24.8,,8.8,4.4,6.6000000000000005,False,True,False
3,2023-01-15,Energy Bar,Delhi,35.0,31.0,16,16,0,0.76,14,Delhi,-4.0,4.0,-11.428571428571429,2023,1,2,14.0,30.0,,35.0,17.5,26.25,True,False,False
3,2023-01-15,Instant Noodles,Mumbai,33.4,22.4,8,20,0,0.79,14,Pune,-11.0,11.0,-32.93413173652694,2023,1,2,49.6,43.4,,36.74,18.37,27.555,True,False,False
3,2023-01-15,Instant Noodles,Kolkata,11.4,20.4,21,24,0,0.7,8,Delhi,8.999999999999998,8.999999999999998,78.94736842105262,2023,1,2,26.3,23.6,,9.120000000000001,4.5600000000000005,6.840000000000001,False,True,False
3,2023-01-15,Instant Noodles,Delhi,30.0,38.0,23,17,0,0.78,6,Delhi,8.0,8.0,26.666666666666668,2023,1,2,39.0,22.0,,30.0,15.0,22.5,False,False,True
4,2023-01-22,Potato Chips,Mumbai,30.4,24.4,8,24,0,0.84,10,Pune,-6.0,6.0,-19.736842105263158,2023,1,3,42.0,49.6,39.4,33.44,16.72,25.08,True,False,False
4,2023-01-22,Potato Chips,Kolkata,23.2,23.2,20,19,0,0.83,9,Delhi,0.0,0.0,0.0,2023,1,3,11.8,19.3,21.0,18.56,9.28,13.919999999999998,False,False,False
4,2023-01-22,Potato Chips,Delhi,30.0,29.0,22,18,0,0.8,7,Delhi,-1.0,1.0,-3.3333333333333335,2023,1,3,13.0,27.0,35.0,30.0,15.0,22.5,False,False,True
4,2023-01-22,Nachos,Mumbai,35.8,31.8,11,24,0,0.78,5,Pune,-3.9999999999999964,3.9999999999999964,-11.17318435754189,2023,1,3,35.8,55.2,46.4,39.38,19.69,29.535000000000004,True,False,False
4,2023-01-22,Nachos,Kolkata,30.6,23.6,19,19,0,0.72,13,Delhi,-7.0,7.0,-22.875816993464053,2023,1,3,20.5,22.0,22.7,24.480000000000004,12.240000000000002,18.360000000000003,False,False,True
4,2023-01-22,Nachos,Delhi,30.0,33.0,10,16,0,0.76,10,Delhi,3.0,3.0,10.0,2023,1,3,20.0,37.0,29.0,30.0,15.0,22.5,True,False,False
4,2023-01-22,Cookies,Mumbai,52.0,46.0,5,21,0,0.86,9,Pune,-6.0,6.0,-11.538461538461538,2023,1,3,41.2,56.2,33.4,57.2,28.6,42.900000000000006,True,False,False
4,2023-01-22,Cookies,Kolkata,26.0,19.0,43,19,0,0.72,8,Delhi,-7.0,7.0,-26.923076923076923,2023,1,3,25.0,42.0,17.0,26.0,13.0,19.5,False,True,False
4,2023-01-22,Cookies,Delhi,28.0,21.0,16,18,0,0.74,9,Delhi,-7.0,7.0,-25.0,2023,1,3,40.0,29.0,39.0,28.0,14.0,21.0,False,False,True
4,2023-01-22,Energy Bar,Mumbai,40.6,34.6,5,24,0,0.86,14,Pune,-6.0,6.0,-14.778325123152708,2023,1,3,50.2,39.6,52.2,44.660000000000004,22.330000000000002,33.495000000000005,True,False,False
4,2023-01-22,Energy Bar,Kolkata,16.0,10.0,17,21,0,0.94,8,Delhi,-6.0,6.0,-37.5,2023,1,3,15.0,19.1,24.8,12.8,6.4,9.600000000000001,False,False,False
4,2023-01-22,Energy Bar,Delhi,27.0,24.0,10,17,0,0.91,7,Delhi,-3.0,3.0,-11.11111111111111,2023,1,3,31.0,14.0,30.0,27.0,13.5,20.25,True,False,False
4,2023-01-22,Instant Noodles,Mumbai,23.0,31.0,11,16,0,0.71,6,Pune,8.0,8.0,34.78260869565217,2023,1,3,22.4,49.6,43.4,25.3,12.65,18.975,True,False,False
4,2023-01-22,Instant Noodles,Kolkata,16.4,15.4,22,24,0,0.87,6,Delhi,-0.9999999999999982,0.9999999999999982,-6.0975609756097455,2023,1,3,20.4,26.3,23.6,13.12,6.56,9.84,False,True,False
4,2023-01-22,Instant Noodles,Delhi,41.0,40.0,14,16,0,0.86,12,Delhi,-1.0,1.0,-2.4390243902439024,2023,1,3,38.0,39.0,22.0,41.0,20.5,30.75,True,False,False
5,2023-01-29,Potato Chips,Mumbai,35.2,48.67,5,24,1,0.81,12,Pune,13.469999999999999,13.469999999999999,38.26704545454545,2023,1,4,24.4,42.0,49.6,56.144000000000005,28.072000000000003,42.108000000000004,True,False,False
5,2023-01-29,Potato Chips,Kolkata,10.4,18.69,11,15,1,0.89,12,Delhi,8.290000000000001,8.290000000000001,79.71153846153847,2023,1,4,23.2,11.8,19.3,12.064,6.032,9.048,False,False,False
5,2023-01-29,Potato Chips,Delhi,19.0,34.23,18,17,1,0.73,5,Delhi,15.229999999999997,15.229999999999997,80.15789473684208,2023,1,4,29.0,13.0,27.0,27.55,13.775,20.6625,False,False,True
5,2023-01-29,Nachos,Mumbai,48.4,72.73,12,17,1,0.8,13,Pune,24.330000000000005,24.330000000000005,50.26859504132233,2023,1,4,31.8,35.8,55.2,77.198,38.599,57.8985,True,False,False
5,2023-01-29,Nachos,Kolkata,29.6,44.09,24,18,1,0.84,9,Delhi,14.490000000000002,14.490000000000002,48.9527027027027,2023,1,4,23.6,20.5,22.0,34.336000000000006,17.168000000000003,25.752000000000002,False,False,True
5,2023-01-29,Nachos,Delhi,21.0,31.05,20,19,1,0.89,11,Delhi,10.05,10.05,47.85714285714286,2023,1,4,33.0,20.0,37.0,30.45,15.225,22.8375,False,False,True
5,2023-01-29,Cookies,Mumbai,52.0,66.16,9,24,1,0.71,14,Pune,14.159999999999997,14.159999999999997,27.230769230769226,2023,1,4,46.0,41.2,56.2,82.94,41.47,62.205,True,False,False
5,2023-01-29,Cookies,Kolkata,21.0,38.73,40,16,1,0.94,13,Delhi,17.729999999999997,17.729999999999997,84.4285714285714,2023,1,4,19.0,25.0,42.0,30.45,15.225,22.8375,False,False,False
5,2023-01-29,Cookies,Delhi,33.0,47.39,15,21,1,0.81,12,Delhi,14.39,14.39,43.60606060606061,2023,1,4,21.0,40.0,29.0,47.85,23.925,35.8875,True,False,False
5,2023-01-29,Energy Bar,Mumbai,43.6,62.18,5,19,1,0.83,10,Pune,18.58,18.58,42.61467889908256,2023,1,4,34.6,50.2,39.6,69.542,34.771,52.1565,True,False,False
5,2023-01-29,Energy Bar,Kolkata,28.6,31.24,15,18,1,0.76,11,Delhi,2.639999999999997,2.639999999999997,9.23076923076922,2023,1,4,10.0,15.0,19.1,33.176,16.588,24.882,True,False,False
5,2023-01-29,Energy Bar,Delhi,30.0,49.92,24,17,1,0.89,10,Delhi,19.92,19.92,66.4,2023,1,4,24.0,31.0,14.0,43.5,21.75,32.625,False,False,True
5,2023-01-29,Instant Noodles,Mumbai,40.4,53.26,13,17,1,0.76,6,Pune,12.86,12.86,31.831683168316832,2023,1,4,31.0,22.4,49.6,64.438,32.219,48.328500000000005,True,False,False
5,2023-01-29,Instant Noodles,Kolkata,29.3,39.54,16,15,1,0.87,13,Delhi,10.239999999999998,10.239999999999998,34.94880546075085,2023,1,4,15.4,20.4,26.3,33.988,16.994,25.491,True,False,False
5,2023-01-29,Instant Noodles,Delhi,39.0,51.53,14,20,1,0.9,9,Delhi,12.530000000000001,12.530000000000001,32.12820512820513,2023,1,4,40.0,38.0,39.0,56.55,28.275,42.412499999999994,True,False,False
6,2023-02-05,Potato Chips,Mumbai,49.0,53.0,5,18,0,0.84,8,Pune,4.0,4.0,8.16326530612245,2023,2,5,48.67,24.4,42.0,53.900000000000006,26.950000000000003,40.425000000000004,True,False,False
6,2023-02-05,Potato Chips,Kolkata,28.9,18.9,14,20,0,0.85,11,Delhi,-10.0,10.0,-34.602076124567475,2023,2,5,18.69,23.2,11.8,23.12,11.56,17.34,False,False,True
6,2023-02-05,Potato Chips,Delhi,34.0,30.0,15,22,0,0.86,12,Delhi,-4.0,4.0,-11.76470588235294,2023,2,5,34.23,29.0,13.0,34.0,17.0,25.5,True,False,False
6,2023-02-05,Nachos,Mumbai,36.2,36.2,5,19,0,0.94,10,Pune,0.0,0.0,0.0,2023,2,5,72.73,31.8,35.8,39.82000000000001,19.910000000000004,29.865000000000006,True,False,False
6,2023-02-05,Nachos,Kolkata,28.2,21.2,22,17,0,0.91,6,Delhi,-7.0,7.0,-24.822695035460992,2023,2,5,44.09,23.6,20.5,22.560000000000002,11.280000000000001,16.92,False,False,False
6,2023-02-05,Nachos,Delhi,37.0,32.0,19,22,0,0.92,9,Delhi,-5.0,5.0,-13.513513513513514,2023,2,5,31.05,33.0,20.0,37.0,18.5,27.75,False,False,True
6,2023-02-05,Cookies,Mumbai,28.0,21.0,10,19,0,0.89,13,Pune,-7.0,7.0,-25.0,2023,2,5,66.16,46.0,41.2,30.800000000000004,15.400000000000002,23.1,True,False,False
6,2023-02-05,Cookies,Kolkata,31.0,31.0,30,19,0,0.71,10,Delhi,0.0,0.0,0.0,2023,2,5,38.73,19.0,25.0,31.0,15.5,23.25,False,False,False
6,2023-02-05,Cookies,Delhi,35.0,34.0,12,19,0,0.85,9,Delhi,-1.0,1.0,-2.857142857142857,2023,2,5,47.39,21.0,40.0,35.0,17.5,26.25,True,False,False
6,2023-02-05,Energy Bar,Mumbai,37.6,26.6,5,23,0,0.73,7,Pune,-11.0,11.0,-29.25531914893617,2023,2,5,62.18,34.6,50.2,41.36000000000001,20.680000000000003,31.020000000000003,True,False,False
6,2023-02-05,Energy Bar,Kolkata,20.4,15.4,17,16,0,0.79,12,Delhi,-4.999999999999998,4.999999999999998,-24.509803921568622,2023,2,5,31.24,10.0,15.0,16.32,8.16,12.24,False,False,False
6,2023-02-05,Energy Bar,Delhi,30.0,24.0,15,17,0,0.83,5,Delhi,-6.0,6.0,-20.0,2023,2,5,49.92,24.0,31.0,30.0,15.0,22.5,False,False,True
6,2023-02-05,Instant Noodles,Mumbai,42.4,46.4,8,15,0,0.73,11,Pune,4.0,4.0,9.433962264150944,2023,2,5,53.26,31.0,22.4,46.64,23.32,34.980000000000004,True,False,False
6,2023-02-05,Instant Noodles,Kolkata,22.8,17.8,20,17,0,0.93,6,Delhi,-5.0,5.0,-21.929824561403507,2023,2,5,39.54,15.4,20.4,18.240000000000002,9.120000000000001,13.680000000000001,False,False,False
6,2023-02-05,Instant Noodles,Delhi,21.0,31.0,24,17,0,0.93,8,Delhi,10.0,10.0,47.61904761904761,2023,2,5,51.53,40.0,38.0,21.0,10.5,15.75,False,False,False
7,2023-02-12,Potato Chips,Mumbai,30.0,39.0,13,21,0,0.83,5,Pune,9.0,9.0,30.0,2023,2,6,53.0,48.67,24.4,33.0,16.5,24.75,True,False,False
7,2023-02-12,Potato Chips,Kolkata,14.8,9.8,19,15,0,0.76,12,Delhi,-5.0,5.0,-33.78378378378378,2023,2,6,18.9,18.69,23.2,11.840000000000002,5.920000000000001,8.88,False,True,False
7,2023-02-12,Potato Chips,Delhi,20.0,18.0,22,17,0,0.83,11,Delhi,-2.0,2.0,-10.0,2023,2,6,30.0,34.23,29.0,20.0,10.0,15.0,False,False,False
7,2023-02-12,Nachos,Mumbai,49.0,45.0,7,18,0,0.79,7,Pune,-4.0,4.0,-8.16326530612245,2023,2,6,36.2,72.73,31.8,53.900000000000006,26.950000000000003,40.425000000000004,True,False,False
7,2023-02-12,Nachos,Kolkata,11.4,10.4,12,19,0,0.74,14,Delhi,-1.0,1.0,-8.771929824561402,2023,2,6,21.2,44.09,23.6,9.120000000000001,4.5600000000000005,6.840000000000001,False,False,False
7,2023-02-12,Nachos,Delhi,20.0,29.0,19,16,0,0.73,14,Delhi,9.0,9.0,45.0,2023,2,6,32.0,31.05,33.0,20.0,10.0,15.0,False,False,False
7,2023-02-12,Cookies,Mumbai,47.8,45.8,5,22,0,0.92,5,Pune,-2.0,2.0,-4.1841004184100425,2023,2,6,21.0,66.16,46.0,52.58,26.29,39.435,True,False,False
7,2023-02-12,Cookies,Kolkata,18.0,18.0,49,22,0,0.82,14,Delhi,0.0,0.0,0.0,2023,2,6,31.0,38.73,19.0,18.0,9.0,13.5,False,True,False
7,2023-02-12,Cookies,Delhi,35.0,35.0,23,22,0,0.73,7,Delhi,0.0,0.0,0.0,2023,2,6,34.0,47.39,21.0,35.0,17.5,26.25,False,False,True
7,2023-02-12,Energy Bar,Mumbai,48.6,51.6,12,16,0,0.81,7,Pune,3.0,3.0,6.172839506172839,2023,2,6,26.6,62.18,34.6,53.46000000000001,26.730000000000004,40.095000000000006,True,False,False
7,2023-02-12,Energy Bar,Kolkata,29.6,30.6,19,21,0,0.78,11,Delhi,1.0,1.0,3.378378378378378,2023,2,6,15.4,31.24,10.0,23.680000000000003,11.840000000000002,17.76,False,False,True
7,2023-02-12,Energy Bar,Delhi,34.0,27.0,18,18,0,0.79,13,Delhi,-7.0,7.0,-20.588235294117645,2023,2,6,24.0,49.92,24.0,34.0,17.0,25.5,False,False,True
7,2023-02-12,Instant Noodles,Mumbai,40.8,42.8,5,22,0,0.85,7,Pune,2.0,2.0,4.901960784313726,2023,2,6,46.4,53.26,31.0,44.88,22.44,33.660000000000004,True,False,False
7,2023-02-12,Instant Noodles,Kolkata,23.3,16.3,19,16,0,0.76,10,Delhi,-7.0,7.0,-30.04291845493562,2023,2,6,17.8,39.54,15.4,18.64,9.32,13.98,False,False,False
7,2023-02-12,Instant Noodles,Delhi,27.0,22.0,14,20,0,0.79,8,Delhi,-5.0,5.0,-18.51851851851852,2023,2,6,31.0,51.53,40.0,27.0,13.5,20.25,False,False,True
8,2023-02-19,Potato Chips,Mumbai,44.0,41.0,5,17,0,0.7,9,Pune,-3.0,3.0,-6.8181818181818175,2023,2,7,39.0,53.0,48.67,48.400000000000006,24.200000000000003,36.300000000000004,True,False,False
8,2023-02-19,Potato Chips,Kolkata,18.1,10.1,13,18,0,0.7,10,Delhi,-8.000000000000002,8.000000000000002,-44.19889502762431,2023,2,7,9.8,18.9,18.69,14.480000000000002,7.240000000000001,10.860000000000001,False,False,True
8,2023-02-19,Potato Chips,Delhi,38.0,42.0,18,16,0,0.84,12,Delhi,4.0,4.0,10.526315789473683,2023,2,7,18.0,30.0,34.23,38.0,19.0,28.5,True,False,False
8,2023-02-19,Nachos,Mumbai,52.2,51.2,5,17,0,0.75,8,Pune,-1.0,1.0,-1.9157088122605364,2023,2,7,45.0,36.2,72.73,57.42000000000001,28.710000000000004,43.065000000000005,True,False,False
8,2023-02-19,Nachos,Kolkata,20.2,23.2,14,18,0,0.78,7,Delhi,3.0,3.0,14.85148514851485,2023,2,7,10.4,21.2,44.09,16.16,8.08,12.120000000000001,False,False,True
8,2023-02-19,Nachos,Delhi,20.0,22.0,14,21,0,0.84,6,Delhi,2.0,2.0,10.0,2023,2,7,29.0,32.0,31.05,20.0,10.0,15.0,False,False,True
8,2023-02-19,Cookies,Mumbai,46.8,37.8,14,19,0,0.7,13,Pune,-9.0,9.0,-19.230769230769234,2023,2,7,45.8,21.0,66.16,51.480000000000004,25.740000000000002,38.61,True,False,False
8,2023-02-19,Cookies,Kolkata,32.0,25.0,46,19,0,0.91,6,Delhi,-7.0,7.0,-21.875,2023,2,7,18.0,31.0,38.73,32.0,16.0,24.0,False,False,False
8,2023-02-19,Cookies,Delhi,32.0,34.0,11,17,0,0.72,12,Delhi,2.0,2.0,6.25,2023,2,7,35.0,34.0,47.39,32.0,16.0,24.0,True,False,False
8,2023-02-19,Energy Bar,Mumbai,40.8,41.8,13,17,0,0.74,9,Pune,1.0,1.0,2.450980392156863,2023,2,7,51.6,26.6,62.18,44.88,22.44,33.660000000000004,True,False,False
8,2023-02-19,Energy Bar,Kolkata,30.6,27.6,22,24,0,0.8,12,Delhi,-3.0,3.0,-9.803921568627452,2023,2,7,30.6,15.4,31.24,24.480000000000004,12.240000000000002,18.360000000000003,False,False,True
8,2023-02-19,Energy Bar,Delhi,28.0,22.0,22,20,0,0.83,5,Delhi,-6.0,6.0,-21.428571428571427,2023,2,7,27.0,24.0,49.92,28.0,14.0,21.0,False,False,True
8,2023-02-19,Instant Noodles,Mumbai,45.4,44.4,13,19,0,0.93,7,Pune,-1.0,1.0,-2.2026431718061676,2023,2,7,42.8,46.4,53.26,49.940000000000005,24.970000000000002,37.455000000000005,True,False,False
8,2023-02-19,Instant Noodles,Kolkata,15.2,13.2,16,17,0,0.78,8,Delhi,-2.0,2.0,-13.157894736842104,2023,2,7,16.3,17.8,39.54,12.16,6.08,9.120000000000001,False,False,False
8,2023-02-19,Instant Noodles,Delhi,29.0,33.0,20,18,0,0.95,13,Delhi,4.0,4.0,13.793103448275861,2023,2,7,22.0,31.0,51.53,29.0,14.5,21.75,False,False,True
9,2023-02-26,Potato Chips,Mumbai,27.0,21.0,13,18,0,0.84,14,Pune,-6.0,6.0,-22.22222222222222,2023,2,8,41.0,39.0,53.0,29.700000000000003,14.850000000000001,22.275000000000002,True,False,False
9,2023-02-26,Potato Chips,Kolkata,20.8,14.8,22,18,0,0.81,8,Delhi,-6.0,6.0,-28.846153846153843,2023,2,8,10.1,9.8,18.9,16.64,8.32,12.48,False,False,False
9,2023-02-26,Potato Chips,Delhi,36.0,30.0,21,16,0,0.7,7,Delhi,-6.0,6.0,-16.666666666666664,2023,2,8,42.0,18.0,30.0,36.0,18.0,27.0,False,False,True
9,2023-02-26,Nachos,Mumbai,51.2,56.2,10,19,0,0.91,14,Pune,5.0,5.0,9.765625,2023,2,8,51.2,45.0,36.2,56.32000000000001,28.160000000000004,42.24000000000001,True,False,False
9,2023-02-26,Nachos,Kolkata,18.9,17.9,24,24,0,0.94,14,Delhi,-1.0,1.0,-5.291005291005291,2023,2,8,23.2,10.4,21.2,15.12,7.56,11.34,False,True,False
9,2023-02-26,Nachos,Delhi,34.0,33.0,10,22,0,0.92,8,Delhi,-1.0,1.0,-2.941176470588235,2023,2,8,22.0,29.0,32.0,34.0,17.0,25.5,True,False,False
9,2023-02-26,Cookies,Mumbai,47.0,46.0,7,24,0,0.89,14,Pune,-1.0,1.0,-2.127659574468085,2023,2,8,37.8,45.8,21.0,51.7,25.85,38.775000000000006,True,False,False
9,2023-02-26,Cookies,Kolkata,28.0,34.0,37,23,0,0.93,11,Delhi,6.0,6.0,21.428571428571427,2023,2,8,25.0,18.0,31.0,28.0,14.0,21.0,False,False,False
9,2023-02-26,Cookies,Delhi,19.0,26.0,13,20,0,0.91,5,Delhi,7.0,7.0,36.84210526315789,2023,2,8,34.0,35.0,34.0,19.0,9.5,14.25,False,False,True
9,2023-02-26,Energy Bar,Mumbai,55.2,54.2,5,23,0,0.75,13,Pune,-1.0,1.0,-1.8115942028985508,2023,2,8,41.8,51.6,26.6,60.720000000000006,30.360000000000003,45.540000000000006,True,False,False
9,2023-02-26,Energy Bar,Kolkata,16.6,20.6,19,20,0,0.79,6,Delhi,4.0,4.0,24.096385542168672,2023,2,8,27.6,30.6,15.4,13.280000000000001,6.640000000000001,9.96,False,False,False
9,2023-02-26,Energy Bar,Delhi,16.0,24.0,21,17,0,0.76,13,Delhi,8.0,8.0,50.0,2023,2,8,22.0,27.0,24.0,16.0,8.0,12.0,False,False,False
9,2023-02-26,Instant Noodles,Mumbai,34.4,36.4,5,15,0,0.9,10,Pune,2.0,2.0,5.813953488372093,2023,2,8,44.4,42.8,46.4,37.84,18.92,28.380000000000003,True,False,False
9,2023-02-26,Instant Noodles,Kolkata,24.9,18.9,13,23,0,0.74,10,Delhi,-6.0,6.0,-24.096385542168676,2023,2,8,13.2,16.3,17.8,19.92,9.96,14.940000000000001,False,False,True
9,2023-02-26,Instant Noodles,Delhi,22.0,32.0,23,21,0,0.81,12,Delhi,10.0,10.0,45.45454545454545,2023,2,8,33.0,22.0,31.0,22.0,11.0,16.5,False,False,False
10,2023-03-05,Potato Chips,Mumbai,48.2,80.67,7,17,1,0.72,7,Pune,32.47,32.47,67.36514522821577,2023,3,9,21.0,41.0,39.0,76.879,38.4395,57.65925,True,False,False
10,2023-03-05,Potato Chips,Kolkata,19.8,38.57,10,16,1,0.82,7,Delhi,18.77,18.77,94.79797979797979,2023,3,9,14.8,10.1,9.8,22.968000000000004,11.484000000000002,17.226000000000003,True,False,False
10,2023-03-05,Potato Chips,Delhi,18.0,31.97,16,17,1,0.79,14,Delhi,13.969999999999999,13.969999999999999,77.61111111111111,2023,3,9,30.0,42.0,18.0,26.099999999999998,13.049999999999999,19.575,False,False,True
10,2023-03-05,Nachos,Mumbai,49.2,75.65,6,16,1,0.92,12,Pune,26.450000000000003,26.450000000000003,53.760162601626014,2023,3,9,56.2,51.2,45.0,78.474,39.237,58.855500000000006,True,False,False
10,2023-03-05,Nachos,Kolkata,17.0,19.91,16,22,1,0.73,9,Delhi,2.91,2.91,17.11764705882353,2023,3,9,17.9,23.2,10.4,19.72,9.86,14.79,False,False,True
10,2023-03-05,Nachos,Delhi,19.0,32.24,11,17,1,0.76,12,Delhi,13.240000000000002,13.240000000000002,69.68421052631581,2023,3,9,33.0,22.0,29.0,27.55,13.775,20.6625,True,False,False
10,2023-03-05,Cookies,Mumbai,44.2,67.04,5,21,1,0.92,11,Pune,22.840000000000003,22.840000000000003,51.67420814479639,2023,3,9,46.0,37.8,45.8,70.49900000000001,35.249500000000005,52.87425,True,False,False
10,2023-03-05,Cookies,Kolkata,30.0,39.73,48,17,1,0.85,6,Delhi,9.729999999999997,9.729999999999997,32.43333333333332,2023,3,9,34.0,25.0,18.0,43.5,21.75,32.625,False,False,False
10,2023-03-05,Cookies,Delhi,16.0,27.12,20,24,1,0.91,7,Delhi,11.120000000000001,11.120000000000001,69.5,2023,3,9,26.0,34.0,35.0,23.2,11.6,17.4,False,False,True
10,2023-03-05,Energy Bar,Mumbai,41.4,61.47,13,23,1,0.81,7,Pune,20.07,20.07,48.47826086956522,2023,3,9,54.2,41.8,51.6,66.033,33.0165,49.52475,True,False,False
10,2023-03-05,Energy Bar,Kolkata,31.3,40.3,10,24,1,0.84,11,Delhi,8.999999999999996,8.999999999999996,28.75399361022363,2023,3,9,20.6,27.6,30.6,36.308,18.154,27.231,True,False,False
10,2023-03-05,Energy Bar,Delhi,32.0,56.48,18,22,1,0.87,13,Delhi,24.479999999999997,24.479999999999997,76.49999999999999,2023,3,9,24.0,22.0,27.0,46.4,23.2,34.8,True,False,False
10,2023-03-05,Instant Noodles,Mumbai,39.4,54.47,13,18,1,0.73,6,Pune,15.07,15.07,38.24873096446701,2023,3,9,36.4,44.4,42.8,62.843,31.4215,47.13225,True,False,False
10,2023-03-05,Instant Noodles,Kolkata,16.8,22.06,19,18,1,0.82,6,Delhi,5.259999999999998,5.259999999999998,31.3095238095238,2023,3,9,18.9,13.2,16.3,19.488,9.744,14.616,False,False,False
10,2023-03-05,Instant Noodles,Delhi,35.0,54.75,21,21,1,0.73,10,Delhi,19.75,19.75,56.42857142857143,2023,3,9,32.0,33.0,22.0,50.75,25.375,38.0625,True,False,False
11,2023-03-12,Potato Chips,Mumbai,37.0,40.0,8,19,0,0.74,5,Pune,3.0,3.0,8.108108108108109,2023,3,10,80.67,21.0,41.0,40.7,20.35,30.525000000000002,True,False,False
11,2023-03-12,Potato Chips,Kolkata,19.1,26.1,10,17,0,0.72,7,Delhi,7.0,7.0,36.64921465968586,2023,3,10,38.57,14.8,10.1,15.280000000000001,7.640000000000001,11.46,False,False,True
11,2023-03-12,Potato Chips,Delhi,32.0,26.0,10,21,0,0.85,10,Delhi,-6.0,6.0,-18.75,2023,3,10,31.97,30.0,42.0,32.0,16.0,24.0,True,False,False
11,2023-03-12,Nachos,Mumbai,30.4,27.4,5,19,0,0.82,14,Pune,-3.0,3.0,-9.868421052631579,2023,3,10,75.65,56.2,51.2,33.44,16.72,25.08,True,False,False
11,2023-03-12,Nachos,Kolkata,14.1,12.1,20,15,0,0.82,6,Delhi,-2.0,2.0,-14.184397163120568,2023,3,10,19.91,17.9,23.2,11.280000000000001,5.640000000000001,8.46,False,True,False
11,2023-03-12,Nachos,Delhi,32.0,29.0,18,22,0,0.88,13,Delhi,-3.0,3.0,-9.375,2023,3,10,32.24,33.0,22.0,32.0,16.0,24.0,False,False,True
11,2023-03-12,Cookies,Mumbai,44.0,41.0,5,17,0,0.72,7,Pune,-3.0,3.0,-6.8181818181818175,2023,3,10,67.04,46.0,37.8,48.400000000000006,24.200000000000003,36.300000000000004,True,False,False
11,2023-03-12,Cookies,Kolkata,21.0,22.0,41,15,0,0.73,14,Delhi,1.0,1.0,4.761904761904762,2023,3,10,39.73,34.0,25.0,21.0,10.5,15.75,False,True,False
11,2023-03-12,Cookies,Delhi,38.0,33.0,10,21,0,0.88,10,Delhi,-5.0,5.0,-13.157894736842104,2023,3,10,27.12,26.0,34.0,38.0,19.0,28.5,True,False,False
11,2023-03-12,Energy Bar,Mumbai,40.8,41.8,14,24,0,0.71,14,Pune,1.0,1.0,2.450980392156863,2023,3,10,61.47,54.2,41.8,44.88,22.44,33.660000000000004,True,False,False
11,2023-03-12,Energy Bar,Kolkata,27.8,16.8,16,24,0,0.84,14,Delhi,-11.0,11.0,-39.568345323741006,2023,3,10,40.3,20.6,27.6,22.240000000000002,11.120000000000001,16.68,False,False,True
11,2023-03-12,Energy Bar,Delhi,25.0,21.0,17,16,0,0.81,6,Delhi,-4.0,4.0,-16.0,2023,3,10,56.48,24.0,22.0,25.0,12.5,18.75,False,False,True
11,2023-03-12,Instant Noodles,Mumbai,55.6,57.6,9,21,0,0.71,12,Pune,2.0,2.0,3.597122302158273,2023,3,10,54.47,36.4,44.4,61.160000000000004,30.580000000000002,45.870000000000005,True,False,False
11,2023-03-12,Instant Noodles,Kolkata,11.4,18.4,17,24,0,0.88,11,Delhi,6.999999999999998,6.999999999999998,61.40350877192981,2023,3,10,22.06,18.9,13.2,9.120000000000001,4.5600000000000005,6.840000000000001,False,True,False
11,2023-03-12,Instant Noodles,Delhi,36.0,39.0,15,23,0,0.88,5,Delhi,3.0,3.0,8.333333333333332,2023,3,10,54.75,32.0,33.0,36.0,18.0,27.0,True,False,False
12,2023-03-19,Potato Chips,Mumbai,53.0,43.0,6,17,0,0.92,11,Pune,-10.0,10.0,-18.867924528301888,2023,3,11,40.0,80.67,21.0,58.300000000000004,29.150000000000002,43.725,True,False,False
12,2023-03-19,Potato Chips,Kolkata,18.4,17.4,20,21,0,0.7,5,Delhi,-1.0,1.0,-5.434782608695652,2023,3,11,26.1,38.57,14.8,14.719999999999999,7.359999999999999,11.04,False,False,False
12,2023-03-19,Potato Chips,Delhi,34.0,35.0,24,23,0,0.89,13,Delhi,1.0,1.0,2.941176470588235,2023,3,11,26.0,31.97,30.0,34.0,17.0,25.5,False,False,True
12,2023-03-19,Nachos,Mumbai,34.4,42.4,5,17,0,0.82,12,Pune,8.0,8.0,23.25581395348837,2023,3,11,27.4,75.65,56.2,37.84,18.92,28.380000000000003,True,False,False
12,2023-03-19,Nachos,Kolkata,23.9,22.9,18,15,0,0.93,13,Delhi,-1.0,1.0,-4.1841004184100425,2023,3,11,12.1,19.91,17.9,19.12,9.56,14.34,False,False,False
12,2023-03-19,Nachos,Delhi,29.0,30.0,21,24,0,0.9,9,Delhi,1.0,1.0,3.4482758620689653,2023,3,11,29.0,32.24,33.0,29.0,14.5,21.75,False,False,True
12,2023-03-19,Cookies,Mumbai,42.0,48.0,7,16,0,0.74,8,Pune,6.0,6.0,14.285714285714285,2023,3,11,41.0,67.04,46.0,46.2,23.1,34.650000000000006,True,False,False
12,2023-03-19,Cookies,Kolkata,25.0,21.0,48,24,0,0.71,13,Delhi,-4.0,4.0,-16.0,2023,3,11,22.0,39.73,34.0,25.0,12.5,18.75,False,True,False
12,2023-03-19,Cookies,Delhi,23.0,28.0,15,19,0,0.71,11,Delhi,5.0,5.0,21.73913043478261,2023,3,11,33.0,27.12,26.0,23.0,11.5,17.25,False,False,True
12,2023-03-19,Energy Bar,Mumbai,53.4,52.4,5,24,0,0.83,6,Pune,-1.0,1.0,-1.8726591760299627,2023,3,11,41.8,61.47,54.2,58.74,29.37,44.055,True,False,False
12,2023-03-19,Energy Bar,Kolkata,27.2,20.2,15,22,0,0.89,13,Delhi,-7.0,7.0,-25.73529411764706,2023,3,11,16.8,40.3,20.6,21.76,10.88,16.32,False,False,True
12,2023-03-19,Energy Bar,Delhi,26.0,22.0,20,23,0,0.8,13,Delhi,-4.0,4.0,-15.384615384615385,2023,3,11,21.0,56.48,24.0,26.0,13.0,19.5,False,False,True
12,2023-03-19,Instant Noodles,Mumbai,33.8,32.8,8,22,0,0.93,6,Pune,-1.0,1.0,-2.9585798816568047,2023,3,11,57.6,54.47,36.4,37.18,18.59,27.884999999999998,True,False,False
12,2023-03-19,Instant Noodles,Kolkata,23.8,20.8,19,16,0,0.72,9,Delhi,-3.0,3.0,-12.605042016806722,2023,3,11,18.4,22.06,18.9,19.040000000000003,9.520000000000001,14.280000000000001,False,False,False
12,2023-03-19,Instant Noodles,Delhi,27.0,37.0,23,17,0,0.91,12,Delhi,10.0,10.0,37.03703703703704,2023,3,11,39.0,54.75,32.0,27.0,13.5,20.25,False,False,True
13,2023-03-26,Potato Chips,Mumbai,33.8,42.8,12,15,0,0.92,7,Pune,9.0,9.0,26.627218934911244,2023,3,12,43.0,40.0,80.67,37.18,18.59,27.884999999999998,True,False,False
13,2023-03-26,Potato Chips,Kolkata,26.5,27.5,20,23,0,0.78,13,Delhi,1.0,1.0,3.7735849056603774,2023,3,12,17.4,26.1,38.57,21.200000000000003,10.600000000000001,15.900000000000002,False,False,False
13,2023-03-26,Potato Chips,Delhi,27.0,27.0,21,21,0,0.92,14,Delhi,0.0,0.0,0.0,2023,3,12,35.0,26.0,31.97,27.0,13.5,20.25,False,False,True
13,2023-03-26,Nachos,Mumbai,54.2,56.2,5,21,0,0.74,8,Pune,2.0,2.0,3.6900369003690034,2023,3,12,42.4,27.4,75.65,59.620000000000005,29.810000000000002,44.715,True,False,False
13,2023-03-26,Nachos,Kolkata,15.7,19.7,23,15,0,0.84,12,Delhi,4.0,4.0,25.477707006369428,2023,3,12,22.9,12.1,19.91,12.56,6.28,9.42,False,True,False
13,2023-03-26,Nachos,Delhi,23.0,19.0,12,21,0,0.84,6,Delhi,-4.0,4.0,-17.391304347826086,2023,3,12,30.0,29.0,32.24,23.0,11.5,17.25,False,False,True
13,2023-03-26,Cookies,Mumbai,46.6,43.6,5,18,0,0.72,5,Pune,-3.0,3.0,-6.437768240343347,2023,3,12,48.0,41.0,67.04,51.260000000000005,25.630000000000003,38.44500000000001,True,False,False
13,2023-03-26,Cookies,Kolkata,31.0,29.0,30,20,0,0.86,6,Delhi,-2.0,2.0,-6.451612903225806,2023,3,12,21.0,22.0,39.73,31.0,15.5,23.25,False,False,False
13,2023-03-26,Cookies,Delhi,35.0,33.0,22,21,0,0.72,5,Delhi,-2.0,2.0,-5.714285714285714,2023,3,12,28.0,33.0,27.12,35.0,17.5,26.25,False,False,True
13,2023-03-26,Energy Bar,Mumbai,32.0,34.0,9,16,0,0.77,8,Pune,2.0,2.0,6.25,2023,3,12,52.4,41.8,61.47,35.2,17.6,26.400000000000002,True,False,False
13,2023-03-26,Energy Bar,Kolkata,22.2,24.2,24,21,0,0.91,8,Delhi,2.0,2.0,9.00900900900901,2023,3,12,20.2,16.8,40.3,17.76,8.88,13.32,False,False,False
13,2023-03-26,Energy Bar,Delhi,19.0,24.0,12,15,0,0.94,12,Delhi,5.0,5.0,26.31578947368421,2023,3,12,22.0,21.0,56.48,19.0,9.5,14.25,False,False,True
13,2023-03-26,Instant Noodles,Mumbai,46.6,45.6,5,23,0,0.81,5,Pune,-1.0,1.0,-2.1459227467811157,2023,3,12,32.8,57.6,54.47,51.260000000000005,25.630000000000003,38.44500000000001,True,False,False
13,2023-03-26,Instant Noodles,Kolkata,13.5,10.5,18,22,0,0.79,12,Delhi,-3.0,3.0,-22.22222222222222,2023,3,12,20.8,18.4,22.06,10.8,5.4,8.100000000000001,False,True,False
13,2023-03-26,Instant Noodles,Delhi,36.0,30.0,17,16,0,0.89,7,Delhi,-6.0,6.0,-16.666666666666664,2023,3,12,37.0,39.0,54.75,36.0,18.0,27.0,True,False,False
14,2023-04-02,Potato Chips,Mumbai,42.4,45.4,5,18,0,0.9,13,Pune,3.0,3.0,7.0754716981132075,2023,4,13,42.8,43.0,40.0,46.64,23.32,34.980000000000004,True,False,False
14,2023-04-02,Potato Chips,Kolkata,24.1,27.1,13,18,0,0.84,13,Delhi,3.0,3.0,12.448132780082986,2023,4,13,27.5,17.4,26.1,19.28,9.64,14.46,False,False,True
14,2023-04-02,Potato Chips,Delhi,23.0,26.0,10,22,0,0.82,6,Delhi,3.0,3.0,13.043478260869565,2023,4,13,27.0,35.0,26.0,23.0,11.5,17.25,True,False,False
14,2023-04-02,Nachos,Mumbai,46.2,51.2,8,15,0,0.94,13,Pune,5.0,5.0,10.822510822510822,2023,4,13,56.2,42.4,27.4,50.82000000000001,25.410000000000004,38.11500000000001,True,False,False
14,2023-04-02,Nachos,Kolkata,18.9,19.9,10,23,0,0.84,10,Delhi,1.0,1.0,5.291005291005291,2023,4,13,19.7,22.9,12.1,15.12,7.56,11.34,False,False,True
14,2023-04-02,Nachos,Delhi,34.0,33.0,21,15,0,0.83,5,Delhi,-1.0,1.0,-2.941176470588235,2023,4,13,19.0,30.0,29.0,34.0,17.0,25.5,False,False,True
14,2023-04-02,Cookies,Mumbai,34.2,41.2,5,21,0,0.73,11,Pune,7.0,7.0,20.46783625730994,2023,4,13,43.6,48.0,41.0,37.620000000000005,18.810000000000002,28.215000000000003,True,False,False
14,2023-04-02,Cookies,Kolkata,37.0,27.0,39,21,0,0.87,12,Delhi,-10.0,10.0,-27.027027027027028,2023,4,13,29.0,21.0,22.0,37.0,18.5,27.75,False,False,False
14,2023-04-02,Cookies,Delhi,27.0,31.0,15,23,0,0.71,13,Delhi,4.0,4.0,14.814814814814813,2023,4,13,33.0,28.0,33.0,27.0,13.5,20.25,False,False,True
14,2023-04-02,Energy Bar,Mumbai,53.8,55.8,13,18,0,0.78,11,Pune,2.0,2.0,3.717472118959108,2023,4,13,34.0,52.4,41.8,59.18,29.59,44.385,True,False,False
14,2023-04-02,Energy Bar,Kolkata,19.0,19.0,19,20,0,0.81,7,Delhi,0.0,0.0,0.0,2023,4,13,24.2,20.2,16.8,15.200000000000001,7.6000000000000005,11.4,False,False,False
14,2023-04-02,Energy Bar,Delhi,32.0,22.0,15,21,0,0.86,13,Delhi,-10.0,10.0,-31.25,2023,4,13,24.0,22.0,21.0,32.0,16.0,24.0,True,False,False
14,2023-04-02,Instant Noodles,Mumbai,41.8,43.8,13,18,0,0.89,11,Pune,2.0,2.0,4.784688995215311,2023,4,13,45.6,32.8,57.6,45.980000000000004,22.990000000000002,34.485,True,False,False
14,2023-04-02,Instant Noodles,Kolkata,22.6,21.6,15,19,0,0.95,13,Delhi,-1.0,1.0,-4.424778761061947,2023,4,13,10.5,20.8,18.4,18.080000000000002,9.040000000000001,13.560000000000002,False,False,True
14,2023-04-02,Instant Noodles,Delhi,26.0,27.0,22,20,0,0.71,5,Delhi,1.0,1.0,3.8461538461538463,2023,4,13,30.0,37.0,39.0,26.0,13.0,19.5,False,False,True
15,2023-04-09,Potato Chips,Mumbai,31.4,56.12,12,22,1,0.81,8,Pune,24.72,24.72,78.72611464968153,2023,4,14,45.4,42.8,43.0,50.083,25.0415,37.56225,True,False,False
15,2023-04-09,Potato Chips,Kolkata,19.7,25.48,10,17,1,0.84,8,Delhi,5.780000000000001,5.780000000000001,29.340101522842648,2023,4,14,27.1,27.5,17.4,22.852,11.426,17.139,True,False,False
15,2023-04-09,Potato Chips,Delhi,19.0,25.23,13,20,1,0.86,7,Delhi,6.23,6.23,32.78947368421053,2023,4,14,26.0,27.0,35.0,27.55,13.775,20.6625,True,False,False
15,2023-04-09,Nachos,Mumbai,57.2,83.33,5,16,1,0.86,5,Pune,26.129999999999995,26.129999999999995,45.68181818181817,2023,4,14,51.2,56.2,42.4,91.23400000000001,45.617000000000004,68.4255,True,False,False
15,2023-04-09,Nachos,Kolkata,19.4,28.66,16,24,1,0.76,6,Delhi,9.260000000000002,9.260000000000002,47.73195876288661,2023,4,14,19.9,19.7,22.9,22.503999999999998,11.251999999999999,16.878,False,False,True
15,2023-04-09,Nachos,Delhi,23.0,34.77,23,20,1,0.92,12,Delhi,11.770000000000003,11.770000000000003,51.17391304347827,2023,4,14,33.0,19.0,30.0,33.35,16.675,25.012500000000003,False,False,True
15,2023-04-09,Cookies,Mumbai,39.4,52.37,5,15,1,0.8,13,Pune,12.969999999999999,12.969999999999999,32.91878172588832,2023,4,14,41.2,43.6,48.0,62.843,31.4215,47.13225,True,False,False
15,2023-04-09,Cookies,Kolkata,18.0,23.78,37,22,1,0.8,11,Delhi,5.780000000000001,5.780000000000001,32.11111111111112,2023,4,14,27.0,29.0,21.0,26.099999999999998,13.049999999999999,19.575,False,False,False
15,2023-04-09,Cookies,Delhi,38.0,53.85,19,24,1,0.87,13,Delhi,15.850000000000001,15.850000000000001,41.71052631578947,2023,4,14,31.0,33.0,28.0,55.1,27.55,41.325,True,False,False
15,2023-04-09,Energy Bar,Mumbai,27.0,42.9,11,15,1,0.76,10,Pune,15.899999999999999,15.899999999999999,58.88888888888888,2023,4,14,55.8,34.0,52.4,43.065000000000005,21.532500000000002,32.298750000000005,True,False,False
15,2023-04-09,Energy Bar,Kolkata,30.3,36.87,21,19,1,0.9,12,Delhi,6.569999999999997,6.569999999999997,21.683168316831672,2023,4,14,19.0,24.2,20.2,35.148,17.574,26.361000000000004,False,False,True
15,2023-04-09,Energy Bar,Delhi,33.0,43.21,21,18,1,0.77,6,Delhi,10.21,10.21,30.939393939393945,2023,4,14,22.0,24.0,22.0,47.85,23.925,35.8875,True,False,False
15,2023-04-09,Instant Noodles,Mumbai,38.2,63.55,5,21,1,0.76,9,Pune,25.349999999999994,25.349999999999994,66.3612565445026,2023,4,14,43.8,45.6,32.8,60.929,30.4645,45.69675,True,False,False
15,2023-04-09,Instant Noodles,Kolkata,11.8,30.37,21,24,1,0.8,6,Delhi,18.57,18.57,157.37288135593218,2023,4,14,21.6,10.5,20.8,13.688,6.844,10.266,False,True,False
15,2023-04-09,Instant Noodles,Delhi,26.0,47.97,18,21,1,0.81,6,Delhi,21.97,21.97,84.5,2023,4,14,27.0,30.0,37.0,37.699999999999996,18.849999999999998,28.275,True,False,False
16,2023-04-16,Potato Chips,Mumbai,43.4,49.4,12,18,0,0.88,14,Pune,6.0,6.0,13.82488479262673,2023,4,15,56.12,45.4,42.8,47.74,23.87,35.805,True,False,False
16,2023-04-16,Potato Chips,Kolkata,14.9,17.9,17,20,0,0.92,10,Delhi,2.9999999999999982,2.9999999999999982,20.13422818791945,2023,4,15,25.48,27.1,27.5,11.920000000000002,5.960000000000001,8.940000000000001,False,False,False
16,2023-04-16,Potato Chips,Delhi,30.0,33.0,19,24,0,0.7,6,Delhi,3.0,3.0,10.0,2023,4,15,25.23,26.0,27.0,30.0,15.0,22.5,False,False,True
16,2023-04-16,Nachos,Mumbai,54.4,50.4,5,22,0,0.9,8,Pune,-4.0,4.0,-7.352941176470589,2023,4,15,83.33,51.2,56.2,59.84,29.92,44.88,True,False,False
16,2023-04-16,Nachos,Kolkata,9.0,20.0,14,19,0,0.84,6,Delhi,11.0,11.0,122.22222222222223,2023,4,15,28.66,19.9,19.7,7.2,3.6,5.4,False,True,False
16,2023-04-16,Nachos,Delhi,37.0,30.0,18,23,0,0.92,13,Delhi,-7.0,7.0,-18.91891891891892,2023,4,15,34.77,33.0,19.0,37.0,18.5,27.75,True,False,False
16,2023-04-16,Cookies,Mumbai,47.8,38.8,12,20,0,0.78,10,Pune,-9.0,9.0,-18.82845188284519,2023,4,15,52.37,41.2,43.6,52.58,26.29,39.435,True,False,False
16,2023-04-16,Cookies,Kolkata,38.0,43.0,38,21,0,0.81,5,Delhi,5.0,5.0,13.157894736842104,2023,4,15,23.78,27.0,29.0,38.0,19.0,28.5,False,False,False
16,2023-04-16,Cookies,Delhi,29.0,19.0,21,24,0,0.8,9,Delhi,-10.0,10.0,-34.48275862068966,2023,4,15,53.85,31.0,33.0,29.0,14.5,21.75,False,False,True
16,2023-04-16,Energy Bar,Mumbai,56.2,46.2,5,20,0,0.72,7,Pune,-10.0,10.0,-17.79359430604982,2023,4,15,42.9,55.8,34.0,61.82000000000001,30.910000000000004,46.36500000000001,True,False,False
16,2023-04-16,Energy Bar,Kolkata,22.9,19.9,12,19,0,0.92,6,Delhi,-3.0,3.0,-13.100436681222707,2023,4,15,36.87,19.0,24.2,18.32,9.16,13.74,False,False,True
16,2023-04-16,Energy Bar,Delhi,24.0,26.0,21,19,0,0.8,9,Delhi,2.0,2.0,8.333333333333332,2023,4,15,43.21,22.0,24.0,24.0,12.0,18.0,False,False,True
16,2023-04-16,Instant Noodles,Mumbai,45.6,46.6,5,16,0,0.88,9,Pune,1.0,1.0,2.1929824561403506,2023,4,15,63.55,43.8,45.6,50.160000000000004,25.080000000000002,37.620000000000005,True,False,False
16,2023-04-16,Instant Noodles,Kolkata,22.0,18.0,21,23,0,0.86,7,Delhi,-4.0,4.0,-18.181818181818183,2023,4,15,30.37,21.6,10.5,17.6,8.8,13.200000000000001,False,False,False
16,2023-04-16,Instant Noodles,Delhi,32.0,32.0,12,16,0,0.74,8,Delhi,0.0,0.0,0.0,2023,4,15,47.97,27.0,30.0,32.0,16.0,24.0,True,False,False
17,2023-04-23,Potato Chips,Mumbai,48.0,52.0,12,17,0,0.85,14,Pune,4.0,4.0,8.333333333333332,2023,4,16,49.4,56.12,45.4,52.800000000000004,26.400000000000002,39.6,True,False,False
17,2023-04-23,Potato Chips,Kolkata,12.1,21.1,13,24,0,0.73,11,Delhi,9.000000000000002,9.000000000000002,74.38016528925621,2023,4,16,17.9,25.48,27.1,9.68,4.84,7.26,False,False,False
17,2023-04-23,Potato Chips,Delhi,35.0,30.0,24,22,0,0.9,14,Delhi,-5.0,5.0,-14.285714285714285,2023,4,16,33.0,25.23,26.0,35.0,17.5,26.25,False,False,True
17,2023-04-23,Nachos,Mumbai,30.2,31.2,5,15,0,0.79,14,Pune,1.0,1.0,3.3112582781456954,2023,4,16,50.4,83.33,51.2,33.22,16.61,24.915,True,False,False
17,2023-04-23,Nachos,Kolkata,24.8,20.8,15,23,0,0.9,14,Delhi,-4.0,4.0,-16.129032258064516,2023,4,16,20.0,28.66,19.9,19.840000000000003,9.920000000000002,14.880000000000003,False,False,True
17,2023-04-23,Nachos,Delhi,31.0,22.0,19,19,0,0.78,12,Delhi,-9.0,9.0,-29.03225806451613,2023,4,16,30.0,34.77,33.0,31.0,15.5,23.25,False,False,True
17,2023-04-23,Cookies,Mumbai,51.2,55.2,8,16,0,0.89,14,Pune,4.0,4.0,7.8125,2023,4,16,38.8,52.37,41.2,56.32000000000001,28.160000000000004,42.24000000000001,True,False,False
17,2023-04-23,Cookies,Kolkata,21.0,13.0,32,16,0,0.82,9,Delhi,-8.0,8.0,-38.095238095238095,2023,4,16,43.0,23.78,27.0,21.0,10.5,15.75,False,True,False
17,2023-04-23,Cookies,Delhi,36.0,31.0,21,21,0,0.84,14,Delhi,-5.0,5.0,-13.88888888888889,2023,4,16,19.0,53.85,31.0,36.0,18.0,27.0,False,False,True
17,2023-04-23,Energy Bar,Mumbai,42.2,33.2,5,21,0,0.87,7,Pune,-9.0,9.0,-21.327014218009477,2023,4,16,46.2,42.9,55.8,46.42000000000001,23.210000000000004,34.815000000000005,True,False,False
17,2023-04-23,Energy Bar,Kolkata,20.3,21.3,10,21,0,0.79,7,Delhi,1.0,1.0,4.926108374384236,2023,4,16,19.9,36.87,19.0,16.240000000000002,8.120000000000001,12.180000000000001,False,False,True
17,2023-04-23,Energy Bar,Delhi,27.0,22.0,22,18,0,0.72,5,Delhi,-5.0,5.0,-18.51851851851852,2023,4,16,26.0,43.21,22.0,27.0,13.5,20.25,False,False,True
17,2023-04-23,Instant Noodles,Mumbai,29.2,25.2,10,20,0,0.79,8,Pune,-4.0,4.0,-13.698630136986301,2023,4,16,46.6,63.55,43.8,32.120000000000005,16.060000000000002,24.090000000000003,True,False,False
17,2023-04-23,Instant Noodles,Kolkata,17.4,26.4,14,19,0,0.77,12,Delhi,9.0,9.0,51.724137931034484,2023,4,16,18.0,30.37,21.6,13.92,6.96,10.44,False,False,False
17,2023-04-23,Instant Noodles,Delhi,34.0,42.0,19,17,0,0.75,6,Delhi,8.0,8.0,23.52941176470588,2023,4,16,32.0,47.97,27.0,34.0,17.0,25.5,False,False,True
18,2023-04-30,Potato Chips,Mumbai,39.4,38.4,5,21,0,0.82,12,Pune,-1.0,1.0,-2.5380710659898478,2023,4,17,52.0,49.4,56.12,43.34,21.67,32.505,True,False,False
18,2023-04-30,Potato Chips,Kolkata,25.7,26.7,22,23,0,0.74,14,Delhi,1.0,1.0,3.8910505836575875,2023,4,17,21.1,17.9,25.48,20.560000000000002,10.280000000000001,15.420000000000002,False,False,False
18,2023-04-30,Potato Chips,Delhi,30.0,35.0,13,17,0,0.93,11,Delhi,5.0,5.0,16.666666666666664,2023,4,17,30.0,33.0,25.23,30.0,15.0,22.5,True,False,False
18,2023-04-30,Nachos,Mumbai,55.2,49.2,7,22,0,0.83,13,Pune,-6.0,6.0,-10.869565217391305,2023,4,17,31.2,50.4,83.33,60.720000000000006,30.360000000000003,45.540000000000006,True,False,False
18,2023-04-30,Nachos,Kolkata,27.3,27.3,16,15,0,0.85,10,Delhi,0.0,0.0,0.0,2023,4,17,20.8,20.0,28.66,21.840000000000003,10.920000000000002,16.380000000000003,False,False,True
18,2023-04-30,Nachos,Delhi,35.0,35.0,10,21,0,0.77,6,Delhi,0.0,0.0,0.0,2023,4,17,22.0,30.0,34.77,35.0,17.5,26.25,True,False,False
18,2023-04-30,Cookies,Mumbai,38.2,40.2,8,15,0,0.78,8,Pune,2.0,2.0,5.235602094240837,2023,4,17,55.2,38.8,52.37,42.02,21.01,31.515,True,False,False
18,2023-04-30,Cookies,Kolkata,19.0,18.0,40,20,0,0.84,8,Delhi,-1.0,1.0,-5.263157894736842,2023,4,17,13.0,43.0,23.78,19.0,9.5,14.25,False,True,False
18,2023-04-30,Cookies,Delhi,24.0,23.0,22,17,0,0.87,14,Delhi,-1.0,1.0,-4.166666666666666,2023,4,17,31.0,19.0,53.85,24.0,12.0,18.0,False,False,False
18,2023-04-30,Energy Bar,Mumbai,46.2,45.2,5,23,0,0.78,7,Pune,-1.0,1.0,-2.1645021645021645,2023,4,17,33.2,46.2,42.9,50.82000000000001,25.410000000000004,38.11500000000001,True,False,False
18,2023-04-30,Energy Bar,Kolkata,10.7,20.7,13,16,0,0.86,13,Delhi,10.0,10.0,93.45794392523365,2023,4,17,21.3,19.9,36.87,8.56,4.28,6.42,False,True,False
18,2023-04-30,Energy Bar,Delhi,24.0,14.0,13,15,0,0.85,10,Delhi,-10.0,10.0,-41.66666666666667,2023,4,17,22.0,26.0,43.21,24.0,12.0,18.0,False,False,True
18,2023-04-30,Instant Noodles,Mumbai,44.2,47.2,5,23,0,0.87,6,Pune,3.0,3.0,6.787330316742081,2023,4,17,25.2,46.6,63.55,48.620000000000005,24.310000000000002,36.465,True,False,False
18,2023-04-30,Instant Noodles,Kolkata,17.9,19.9,24,18,0,0.72,8,Delhi,2.0,2.0,11.173184357541901,2023,4,17,26.4,18.0,30.37,14.32,7.16,10.74,False,True,False
18,2023-04-30,Instant Noodles,Delhi,37.0,40.0,23,16,0,0.86,7,Delhi,3.0,3.0,8.108108108108109,2023,4,17,42.0,32.0,47.97,37.0,18.5,27.75,False,False,True
19,2023-05-07,Potato Chips,Mumbai,52.2,55.2,8,16,0,0.82,6,Pune,3.0,3.0,5.747126436781609,2023,5,18,38.4,52.0,49.4,57.42000000000001,28.710000000000004,43.065000000000005,True,False,False
19,2023-05-07,Potato Chips,Kolkata,26.8,24.8,12,19,0,0.73,7,Delhi,-2.0,2.0,-7.462686567164178,2023,5,18,26.7,21.1,17.9,21.44,10.72,16.080000000000002,False,False,True
19,2023-05-07,Potato Chips,Delhi,21.0,25.0,17,15,0,0.76,8,Delhi,4.0,4.0,19.047619047619047,2023,5,18,35.0,30.0,33.0,21.0,10.5,15.75,False,False,True
19,2023-05-07,Nachos,Mumbai,52.6,53.6,5,19,0,0.92,7,Pune,1.0,1.0,1.9011406844106464,2023,5,18,49.2,31.2,50.4,57.86000000000001,28.930000000000003,43.395,True,False,False
19,2023-05-07,Nachos,Kolkata,18.2,15.2,22,20,0,0.94,11,Delhi,-3.0,3.0,-16.483516483516482,2023,5,18,27.3,20.8,20.0,14.56,7.28,10.92,False,True,False
19,2023-05-07,Nachos,Delhi,20.0,18.0,19,21,0,0.73,11,Delhi,-2.0,2.0,-10.0,2023,5,18,35.0,22.0,30.0,20.0,10.0,15.0,False,False,False
19,2023-05-07,Cookies,Mumbai,28.6,35.6,5,19,0,0.75,9,Pune,7.0,7.0,24.475524475524473,2023,5,18,40.2,55.2,38.8,31.460000000000004,15.730000000000002,23.595000000000002,True,False,False
19,2023-05-07,Cookies,Kolkata,30.0,25.0,40,19,0,0.91,11,Delhi,-5.0,5.0,-16.666666666666664,2023,5,18,18.0,13.0,43.0,30.0,15.0,22.5,False,False,False
19,2023-05-07,Cookies,Delhi,19.0,27.0,11,22,0,0.9,8,Delhi,8.0,8.0,42.10526315789473,2023,5,18,23.0,31.0,19.0,19.0,9.5,14.25,False,False,True
19,2023-05-07,Energy Bar,Mumbai,39.0,40.0,5,23,0,0.73,12,Pune,1.0,1.0,2.564102564102564,2023,5,18,45.2,33.2,46.2,42.900000000000006,21.450000000000003,32.175000000000004,True,False,False
19,2023-05-07,Energy Bar,Kolkata,22.6,23.6,22,15,0,0.91,14,Delhi,1.0,1.0,4.424778761061947,2023,5,18,20.7,21.3,19.9,18.080000000000002,9.040000000000001,13.560000000000002,False,False,False
19,2023-05-07,Energy Bar,Delhi,26.0,26.0,11,22,0,0.92,12,Delhi,0.0,0.0,0.0,2023,5,18,14.0,22.0,26.0,26.0,13.0,19.5,True,False,False
19,2023-05-07,Instant Noodles,Mumbai,45.4,50.4,12,17,0,0.73,5,Pune,5.0,5.0,11.013215859030838,2023,5,18,47.2,25.2,46.6,49.940000000000005,24.970000000000002,37.455000000000005,True,False,False
19,2023-05-07,Instant Noodles,Kolkata,18.8,17.8,16,15,0,0.72,12,Delhi,-1.0,1.0,-5.319148936170213,2023,5,18,19.9,26.4,18.0,15.040000000000001,7.5200000000000005,11.280000000000001,False,False,False
19,2023-05-07,Instant Noodles,Delhi,24.0,18.0,14,22,0,0.79,8,Delhi,-6.0,6.0,-25.0,2023,5,18,40.0,42.0,32.0,24.0,12.0,18.0,False,False,True
20,2023-05-14,Potato Chips,Mumbai,40.0,61.05,5,17,1,0.74,9,Pune,21.049999999999997,21.049999999999997,52.624999999999986,2023,5,19,55.2,38.4,52.0,63.800000000000004,31.900000000000002,47.85,True,False,False
20,2023-05-14,Potato Chips,Kolkata,16.8,26.8,15,15,1,0.77,12,Delhi,10.0,10.0,59.523809523809526,2023,5,19,24.8,26.7,21.1,19.488,9.744,14.616,False,False,True
20,2023-05-14,Potato Chips,Delhi,24.0,36.07,10,18,1,0.85,13,Delhi,12.07,12.07,50.29166666666667,2023,5,19,25.0,35.0,30.0,34.8,17.4,26.099999999999998,True,False,False
20,2023-05-14,Nachos,Mumbai,42.2,62.96,14,16,1,0.78,8,Pune,20.759999999999998,20.759999999999998,49.19431279620852,2023,5,19,53.6,49.2,31.2,67.30900000000001,33.654500000000006,50.481750000000005,True,False,False
20,2023-05-14,Nachos,Kolkata,23.7,35.63,14,16,1,0.73,5,Delhi,11.930000000000003,11.930000000000003,50.337552742616055,2023,5,19,15.2,27.3,20.8,27.491999999999997,13.745999999999999,20.619,False,False,True
20,2023-05-14,Nachos,Delhi,23.0,39.41,17,24,1,0.85,10,Delhi,16.409999999999997,16.409999999999997,71.34782608695652,2023,5,19,18.0,35.0,22.0,33.35,16.675,25.012500000000003,False,False,True
20,2023-05-14,Cookies,Mumbai,52.6,72.1,13,15,1,0.86,7,Pune,19.499999999999993,19.499999999999993,37.07224334600759,2023,5,19,35.6,40.2,55.2,83.897,41.9485,62.92275000000001,True,False,False
20,2023-05-14,Cookies,Kolkata,21.0,31.07,42,19,1,0.94,12,Delhi,10.07,10.07,47.95238095238095,2023,5,19,25.0,18.0,13.0,30.45,15.225,22.8375,False,False,False
20,2023-05-14,Cookies,Delhi,34.0,49.8,15,20,1,0.95,10,Delhi,15.799999999999997,15.799999999999997,46.47058823529411,2023,5,19,27.0,23.0,31.0,49.3,24.65,36.974999999999994,True,False,False
20,2023-05-14,Energy Bar,Mumbai,40.8,60.2,14,18,1,0.9,7,Pune,19.400000000000006,19.400000000000006,47.54901960784316,2023,5,19,40.0,45.2,33.2,65.07600000000001,32.538000000000004,48.807,True,False,False
20,2023-05-14,Energy Bar,Kolkata,21.7,36.56,10,22,1,0.85,10,Delhi,14.860000000000003,14.860000000000003,68.47926267281107,2023,5,19,23.6,20.7,21.3,25.171999999999997,12.585999999999999,18.878999999999998,True,False,False
20,2023-05-14,Energy Bar,Delhi,39.0,54.82,21,23,1,0.89,12,Delhi,15.82,15.82,40.56410256410257,2023,5,19,26.0,14.0,22.0,56.55,28.275,42.412499999999994,True,False,False
20,2023-05-14,Instant Noodles,Mumbai,44.6,49.88,11,19,1,0.92,8,Pune,5.280000000000001,5.280000000000001,11.838565022421527,2023,5,19,50.4,47.2,25.2,71.13700000000001,35.56850000000001,53.352750000000015,True,False,False
20,2023-05-14,Instant Noodles,Kolkata,15.9,29.22,11,23,1,0.84,11,Delhi,13.319999999999999,13.319999999999999,83.77358490566037,2023,5,19,17.8,19.9,26.4,18.444,9.222,13.832999999999998,False,False,True
20,2023-05-14,Instant Noodles,Delhi,24.0,31.19,13,18,1,0.7,14,Delhi,7.190000000000001,7.190000000000001,29.958333333333336,2023,5,19,18.0,40.0,42.0,34.8,17.4,26.099999999999998,True,False,False
21,2023-05-21,Potato Chips,Mumbai,38.4,44.4,5,19,0,0.79,7,Pune,6.0,6.0,15.625,2023,5,20,61.05,55.2,38.4,42.24,21.12,31.68,True,False,False
21,2023-05-21,Potato Chips,Kolkata,19.5,19.5,13,18,0,0.88,12,Delhi,0.0,0.0,0.0,2023,5,20,26.8,24.8,26.7,15.600000000000001,7.800000000000001,11.700000000000001,False,False,True
21,2023-05-21,Potato Chips,Delhi,26.0,19.0,15,22,0,0.74,14,Delhi,-7.0,7.0,-26.923076923076923,2023,5,20,36.07,25.0,35.0,26.0,13.0,19.5,False,False,True
21,2023-05-21,Nachos,Mumbai,33.0,40.0,5,15,0,0.85,8,Pune,7.0,7.0,21.21212121212121,2023,5,20,62.96,53.6,49.2,36.300000000000004,18.150000000000002,27.225,True,False,False
21,2023-05-21,Nachos,Kolkata,20.1,25.1,16,18,0,0.84,12,Delhi,5.0,5.0,24.87562189054726,2023,5,20,35.63,15.2,27.3,16.080000000000002,8.040000000000001,12.060000000000002,False,False,False
21,2023-05-21,Nachos,Delhi,17.0,25.0,21,17,0,0.82,7,Delhi,8.0,8.0,47.05882352941176,2023,5,20,39.41,18.0,35.0,17.0,8.5,12.75,False,False,False
21,2023-05-21,Cookies,Mumbai,48.8,40.8,5,18,0,0.73,5,Pune,-8.0,8.0,-16.393442622950822,2023,5,20,72.1,35.6,40.2,53.68,26.84,40.26,True,False,False
21,2023-05-21,Cookies,Kolkata,16.0,13.0,44,23,0,0.93,5,Delhi,-3.0,3.0,-18.75,2023,5,20,31.07,25.0,18.0,16.0,8.0,12.0,False,True,False
21,2023-05-21,Cookies,Delhi,36.0,39.0,24,20,0,0.95,11,Delhi,3.0,3.0,8.333333333333332,2023,5,20,49.8,27.0,23.0,36.0,18.0,27.0,False,False,True
21,2023-05-21,Energy Bar,Mumbai,43.2,40.2,5,24,0,0.78,5,Pune,-3.0,3.0,-6.944444444444444,2023,5,20,60.2,40.0,45.2,47.52000000000001,23.760000000000005,35.64000000000001,True,False,False
21,2023-05-21,Energy Bar,Kolkata,22.4,27.4,12,19,0,0.71,7,Delhi,5.0,5.0,22.321428571428573,2023,5,20,36.56,23.6,20.7,17.919999999999998,8.959999999999999,13.439999999999998,False,False,True
21,2023-05-21,Energy Bar,Delhi,37.0,38.0,14,18,0,0.9,14,Delhi,1.0,1.0,2.7027027027027026,2023,5,20,54.82,26.0,14.0,37.0,18.5,27.75,True,False,False
21,2023-05-21,Instant Noodles,Mumbai,31.6,29.6,13,21,0,0.93,7,Pune,-2.0,2.0,-6.329113924050632,2023,5,20,49.88,50.4,47.2,34.760000000000005,17.380000000000003,26.070000000000004,True,False,False
21,2023-05-21,Instant Noodles,Kolkata,16.0,12.0,18,20,0,0.76,13,Delhi,-4.0,4.0,-25.0,2023,5,20,29.22,17.8,19.9,12.8,6.4,9.600000000000001,False,False,False
21,2023-05-21,Instant Noodles,Delhi,41.0,36.0,23,22,0,0.71,10,Delhi,-5.0,5.0,-12.195121951219512,2023,5,20,31.19,18.0,40.0,41.0,20.5,30.75,False,False,True
22,2023-05-28,Potato Chips,Mumbai,33.4,42.4,7,24,0,0.77,10,Pune,9.0,9.0,26.94610778443114,2023,5,21,44.4,61.05,55.2,36.74,18.37,27.555,True,False,False
22,2023-05-28,Potato Chips,Kolkata,23.3,24.3,18,18,0,0.71,8,Delhi,1.0,1.0,4.291845493562231,2023,5,21,19.5,26.8,24.8,18.64,9.32,13.98,False,False,False
22,2023-05-28,Potato Chips,Delhi,41.0,34.0,13,16,0,0.8,11,Delhi,-7.0,7.0,-17.073170731707318,2023,5,21,19.0,36.07,25.0,41.0,20.5,30.75,True,False,False
22,2023-05-28,Nachos,Mumbai,31.0,38.0,5,22,0,0.84,11,Pune,7.0,7.0,22.58064516129032,2023,5,21,40.0,62.96,53.6,34.1,17.05,25.575000000000003,True,False,False
22,2023-05-28,Nachos,Kolkata,24.3,26.3,18,19,0,0.95,6,Delhi,2.0,2.0,8.23045267489712,2023,5,21,25.1,35.63,15.2,19.44,9.72,14.580000000000002,False,False,False
22,2023-05-28,Nachos,Delhi,21.0,21.0,17,15,0,0.82,13,Delhi,0.0,0.0,0.0,2023,5,21,25.0,39.41,18.0,21.0,10.5,15.75,False,False,True
22,2023-05-28,Cookies,Mumbai,46.4,36.4,5,19,0,0.76,14,Pune,-10.0,10.0,-21.551724137931036,2023,5,21,40.8,72.1,35.6,51.04,25.52,38.28,True,False,False
22,2023-05-28,Cookies,Kolkata,26.0,19.0,31,24,0,0.84,11,Delhi,-7.0,7.0,-26.923076923076923,2023,5,21,13.0,31.07,25.0,26.0,13.0,19.5,False,False,False
22,2023-05-28,Cookies,Delhi,31.0,42.0,15,16,0,0.82,9,Delhi,11.0,11.0,35.483870967741936,2023,5,21,39.0,49.8,27.0,31.0,15.5,23.25,True,False,False
22,2023-05-28,Energy Bar,Mumbai,29.6,34.6,5,24,0,0.82,7,Pune,5.0,5.0,16.89189189189189,2023,5,21,40.2,60.2,40.0,32.56,16.28,24.42,True,False,False
22,2023-05-28,Energy Bar,Kolkata,18.2,18.2,15,24,0,0.94,7,Delhi,0.0,0.0,0.0,2023,5,21,27.4,36.56,23.6,14.56,7.28,10.92,False,False,False
22,2023-05-28,Energy Bar,Delhi,37.0,38.0,24,18,0,0.89,10,Delhi,1.0,1.0,2.7027027027027026,2023,5,21,38.0,54.82,26.0,37.0,18.5,27.75,False,False,True
22,2023-05-28,Instant Noodles,Mumbai,49.6,45.6,5,23,0,0.84,14,Pune,-4.0,4.0,-8.064516129032258,2023,5,21,29.6,49.88,50.4,54.56000000000001,27.280000000000005,40.92000000000001,True,False,False
22,2023-05-28,Instant Noodles,Kolkata,21.2,31.2,12,22,0,0.77,14,Delhi,10.0,10.0,47.16981132075472,2023,5,21,12.0,29.22,17.8,16.96,8.48,12.72,False,False,True
22,2023-05-28,Instant Noodles,Delhi,36.0,35.0,16,23,0,0.8,7,Delhi,-1.0,1.0,-2.7777777777777777,2023,5,21,36.0,31.19,18.0,36.0,18.0,27.0,True,False,False
23,2023-06-04,Potato Chips,Mumbai,30.6,37.6,9,22,0,0.77,13,Pune,7.0,7.0,22.875816993464053,2023,6,22,42.4,44.4,61.05,33.660000000000004,16.830000000000002,25.245000000000005,True,False,False
23,2023-06-04,Potato Chips,Kolkata,15.1,15.1,18,22,0,0.83,8,Delhi,0.0,0.0,0.0,2023,6,22,24.3,19.5,26.8,12.08,6.04,9.06,False,False,False
23,2023-06-04,Potato Chips,Delhi,21.0,20.0,22,17,0,0.92,12,Delhi,-1.0,1.0,-4.761904761904762,2023,6,22,34.0,19.0,36.07,21.0,10.5,15.75,False,False,False
23,2023-06-04,Nachos,Mumbai,30.0,34.0,7,19,0,0.88,9,Pune,4.0,4.0,13.333333333333334,2023,6,22,38.0,40.0,62.96,33.0,16.5,24.75,True,False,False
23,2023-06-04,Nachos,Kolkata,16.1,11.1,18,21,0,0.94,11,Delhi,-5.000000000000002,5.000000000000002,-31.05590062111802,2023,6,22,26.3,25.1,35.63,12.880000000000003,6.440000000000001,9.660000000000002,False,False,False
23,2023-06-04,Nachos,Delhi,28.0,30.0,19,21,0,0.73,9,Delhi,2.0,2.0,7.142857142857142,2023,6,22,21.0,25.0,39.41,28.0,14.0,21.0,False,False,True
23,2023-06-04,Cookies,Mumbai,25.8,26.8,5,24,0,0.72,9,Pune,1.0,1.0,3.875968992248062,2023,6,22,36.4,40.8,72.1,28.380000000000003,14.190000000000001,21.285000000000004,True,False,False
23,2023-06-04,Cookies,Kolkata,25.0,16.0,35,17,0,0.89,13,Delhi,-9.0,9.0,-36.0,2023,6,22,19.0,13.0,31.07,25.0,12.5,18.75,False,False,False
23,2023-06-04,Cookies,Delhi,26.0,34.0,18,19,0,0.76,10,Delhi,8.0,8.0,30.76923076923077,2023,6,22,42.0,39.0,49.8,26.0,13.0,19.5,False,False,True
23,2023-06-04,Energy Bar,Mumbai,34.8,34.8,7,24,0,0.73,9,Pune,0.0,0.0,0.0,2023,6,22,34.6,40.2,60.2,38.28,19.14,28.71,True,False,False
23,2023-06-04,Energy Bar,Kolkata,13.4,10.4,24,16,0,0.89,13,Delhi,-3.0,3.0,-22.388059701492537,2023,6,22,18.2,27.4,36.56,10.72,5.36,8.040000000000001,False,True,False
23,2023-06-04,Energy Bar,Delhi,35.0,39.0,20,17,0,0.71,6,Delhi,4.0,4.0,11.428571428571429,2023,6,22,38.0,38.0,54.82,35.0,17.5,26.25,False,False,True
23,2023-06-04,Instant Noodles,Mumbai,26.4,33.4,14,21,0,0.74,8,Pune,7.0,7.0,26.515151515151516,2023,6,22,45.6,29.6,49.88,29.04,14.52,21.78,True,False,False
23,2023-06-04,Instant Noodles,Kolkata,16.0,9.0,13,24,0,0.83,10,Delhi,-7.0,7.0,-43.75,2023,6,22,31.2,12.0,29.22,12.8,6.4,9.600000000000001,False,False,False
23,2023-06-04,Instant Noodles,Delhi,33.0,31.0,14,18,0,0.93,5,Delhi,-2.0,2.0,-6.0606060606060606,2023,6,22,35.0,36.0,31.19,33.0,16.5,24.75,True,False,False
24,2023-06-11,Potato Chips,Mumbai,39.4,41.4,14,16,0,0.86,10,Pune,2.0,2.0,5.0761421319796955,2023,6,23,37.6,42.4,44.4,43.34,21.67,32.505,True,False,False
24,2023-06-11,Potato Chips,Kolkata,16.7,20.7,13,19,0,0.84,7,Delhi,4.0,4.0,23.952095808383234,2023,6,23,15.1,24.3,19.5,13.36,6.68,10.02,False,False,False
24,2023-06-11,Potato Chips,Delhi,36.0,38.0,17,24,0,0.94,10,Delhi,2.0,2.0,5.555555555555555,2023,6,23,20.0,34.0,19.0,36.0,18.0,27.0,True,False,False
24,2023-06-11,Nachos,Mumbai,52.0,44.0,5,24,0,0.87,8,Pune,-8.0,8.0,-15.384615384615385,2023,6,23,34.0,38.0,40.0,57.2,28.6,42.900000000000006,True,False,False
24,2023-06-11,Nachos,Kolkata,23.4,23.4,20,21,0,0.83,7,Delhi,0.0,0.0,0.0,2023,6,23,11.1,26.3,25.1,18.72,9.36,14.04,False,False,False
24,2023-06-11,Nachos,Delhi,32.0,32.0,14,18,0,0.72,13,Delhi,0.0,0.0,0.0,2023,6,23,30.0,21.0,25.0,32.0,16.0,24.0,True,False,False
24,2023-06-11,Cookies,Mumbai,30.0,34.0,10,19,0,0.77,13,Pune,4.0,4.0,13.333333333333334,2023,6,23,26.8,36.4,40.8,33.0,16.5,24.75,True,False,False
24,2023-06-11,Cookies,Kolkata,21.0,17.0,38,20,0,0.92,11,Delhi,-4.0,4.0,-19.047619047619047,2023,6,23,16.0,19.0,13.0,21.0,10.5,15.75,False,True,False
24,2023-06-11,Cookies,Delhi,30.0,39.0,12,16,0,0.84,9,Delhi,9.0,9.0,30.0,2023,6,23,34.0,42.0,39.0,30.0,15.0,22.5,True,False,False
24,2023-06-11,Energy Bar,Mumbai,31.6,37.6,5,19,0,0.72,13,Pune,6.0,6.0,18.987341772151897,2023,6,23,34.8,34.6,40.2,34.760000000000005,17.380000000000003,26.070000000000004,True,False,False
24,2023-06-11,Energy Bar,Kolkata,13.1,16.1,10,22,0,0.83,12,Delhi,3.0000000000000018,3.0000000000000018,22.90076335877864,2023,6,23,10.4,18.2,27.4,10.48,5.24,7.86,False,False,False
24,2023-06-11,Energy Bar,Delhi,31.0,32.0,12,24,0,0.74,10,Delhi,1.0,1.0,3.225806451612903,2023,6,23,39.0,38.0,38.0,31.0,15.5,23.25,True,False,False
24,2023-06-11,Instant Noodles,Mumbai,36.8,33.8,8,17,0,0.76,11,Pune,-3.0,3.0,-8.152173913043478,2023,6,23,33.4,45.6,29.6,40.48,20.24,30.36,True,False,False
24,2023-06-11,Instant Noodles,Kolkata,16.1,11.1,15,16,0,0.77,11,Delhi,-5.000000000000002,5.000000000000002,-31.05590062111802,2023,6,23,9.0,31.2,12.0,12.880000000000003,6.440000000000001,9.660000000000002,False,False,False
24,2023-06-11,Instant Noodles,Delhi,23.0,26.0,15,20,0,0.76,5,Delhi,3.0,3.0,13.043478260869565,2023,6,23,31.0,35.0,36.0,23.0,11.5,17.25,False,False,True
25,2023-06-18,Potato Chips,Mumbai,43.4,60.96,5,24,1,0.94,5,Pune,17.560000000000002,17.560000000000002,40.460829493087566,2023,6,24,41.4,37.6,42.4,69.223,34.6115,51.917249999999996,True,False,False
25,2023-06-18,Potato Chips,Kolkata,17.4,27.28,13,22,1,0.85,10,Delhi,9.880000000000003,9.880000000000003,56.78160919540232,2023,6,24,20.7,15.1,24.3,20.183999999999997,10.091999999999999,15.137999999999998,False,False,True
25,2023-06-18,Potato Chips,Delhi,31.0,54.19,13,15,1,0.78,9,Delhi,23.189999999999998,23.189999999999998,74.80645161290322,2023,6,24,38.0,20.0,34.0,44.949999999999996,22.474999999999998,33.7125,True,False,False
25,2023-06-18,Nachos,Mumbai,54.4,78.04,8,23,1,0.9,5,Pune,23.640000000000008,23.640000000000008,43.455882352941195,2023,6,24,44.0,34.0,38.0,86.768,43.384,65.076,True,False,False
25,2023-06-18,Nachos,Kolkata,14.6,22.66,20,21,1,0.84,11,Delhi,8.06,8.06,55.205479452054796,2023,6,24,23.4,11.1,26.3,16.936,8.468,12.702,False,False,False
25,2023-06-18,Nachos,Delhi,29.0,52.24,22,15,1,0.8,7,Delhi,23.240000000000002,23.240000000000002,80.13793103448276,2023,6,24,32.0,30.0,21.0,42.05,21.025,31.537499999999998,False,False,True
25,2023-06-18,Cookies,Mumbai,45.4,61.7,12,15,1,0.91,11,Pune,16.300000000000004,16.300000000000004,35.90308370044054,2023,6,24,34.0,26.8,36.4,72.41300000000001,36.206500000000005,54.30975000000001,True,False,False
25,2023-06-18,Cookies,Kolkata,26.0,41.67,42,21,1,0.71,8,Delhi,15.670000000000002,15.670000000000002,60.269230769230774,2023,6,24,17.0,16.0,19.0,37.699999999999996,18.849999999999998,28.275,False,False,False
25,2023-06-18,Cookies,Delhi,33.0,58.22,10,18,1,0.79,7,Delhi,25.22,25.22,76.42424242424242,2023,6,24,39.0,34.0,42.0,47.85,23.925,35.8875,True,False,False
25,2023-06-18,Energy Bar,Mumbai,49.6,63.22,11,24,1,0.78,13,Pune,13.619999999999997,13.619999999999997,27.459677419354833,2023,6,24,37.6,34.8,34.6,79.11200000000001,39.556000000000004,59.334,True,False,False
25,2023-06-18,Energy Bar,Kolkata,14.2,27.7,19,16,1,0.92,14,Delhi,13.5,13.5,95.07042253521128,2023,6,24,16.1,10.4,18.2,16.472,8.236,12.354000000000001,False,False,False
25,2023-06-18,Energy Bar,Delhi,29.0,47.66,18,21,1,0.92,8,Delhi,18.659999999999997,18.659999999999997,64.34482758620689,2023,6,24,32.0,39.0,38.0,42.05,21.025,31.537499999999998,True,False,False
25,2023-06-18,Instant Noodles,Mumbai,34.0,50.16,5,22,1,0.91,13,Pune,16.159999999999997,16.159999999999997,47.52941176470587,2023,6,24,33.8,33.4,45.6,54.230000000000004,27.115000000000002,40.6725,True,False,False
25,2023-06-18,Instant Noodles,Kolkata,18.7,30.35,22,24,1,0.93,5,Delhi,11.650000000000002,11.650000000000002,62.29946524064173,2023,6,24,11.1,9.0,31.2,21.692,10.846,16.269,False,False,False
25,2023-06-18,Instant Noodles,Delhi,24.0,30.73,13,17,1,0.72,13,Delhi,6.73,6.73,28.04166666666667,2023,6,24,26.0,31.0,35.0,34.8,17.4,26.099999999999998,True,False,False
26,2023-06-25,Potato Chips,Mumbai,39.0,39.0,5,17,0,0.81,13,Pune,0.0,0.0,0.0,2023,6,25,60.96,41.4,37.6,42.900000000000006,21.450000000000003,32.175000000000004,True,False,False
26,2023-06-25,Potato Chips,Kolkata,22.9,16.9,13,15,0,0.83,6,Delhi,-6.0,6.0,-26.200873362445414,2023,6,25,27.28,20.7,15.1,18.32,9.16,13.74,False,False,True
26,2023-06-25,Potato Chips,Delhi,25.0,24.0,10,15,0,0.94,7,Delhi,-1.0,1.0,-4.0,2023,6,25,54.19,38.0,20.0,25.0,12.5,18.75,True,False,False
26,2023-06-25,Nachos,Mumbai,36.6,43.6,14,15,0,0.73,9,Pune,7.0,7.0,19.12568306010929,2023,6,25,78.04,44.0,34.0,40.260000000000005,20.130000000000003,30.195000000000004,True,False,False
26,2023-06-25,Nachos,Kolkata,14.9,18.9,21,20,0,0.81,8,Delhi,3.9999999999999982,3.9999999999999982,26.845637583892607,2023,6,25,22.66,23.4,11.1,11.920000000000002,5.960000000000001,8.940000000000001,False,True,False
26,2023-06-25,Nachos,Delhi,32.0,36.0,17,17,0,0.94,8,Delhi,4.0,4.0,12.5,2023,6,25,52.24,32.0,30.0,32.0,16.0,24.0,False,False,True
26,2023-06-25,Cookies,Mumbai,46.2,49.2,9,17,0,0.71,9,Pune,3.0,3.0,6.493506493506493,2023,6,25,61.7,34.0,26.8,50.82000000000001,25.410000000000004,38.11500000000001,True,False,False
26,2023-06-25,Cookies,Kolkata,28.0,26.0,39,19,0,0.82,10,Delhi,-2.0,2.0,-7.142857142857142,2023,6,25,41.67,17.0,16.0,28.0,14.0,21.0,False,False,False
26,2023-06-25,Cookies,Delhi,19.0,16.0,22,18,0,0.71,10,Delhi,-3.0,3.0,-15.789473684210526,2023,6,25,58.22,39.0,34.0,19.0,9.5,14.25,False,False,False
26,2023-06-25,Energy Bar,Mumbai,31.2,25.2,12,16,0,0.74,9,Pune,-6.0,6.0,-19.230769230769234,2023,6,25,63.22,37.6,34.8,34.32,17.16,25.740000000000002,True,False,False
26,2023-06-25,Energy Bar,Kolkata,23.6,31.6,12,24,0,0.71,9,Delhi,8.0,8.0,33.89830508474576,2023,6,25,27.7,16.1,10.4,18.880000000000003,9.440000000000001,14.160000000000002,False,False,True
26,2023-06-25,Energy Bar,Delhi,32.0,24.0,21,22,0,0.95,6,Delhi,-8.0,8.0,-25.0,2023,6,25,47.66,32.0,39.0,32.0,16.0,24.0,False,False,True
26,2023-06-25,Instant Noodles,Mumbai,40.0,35.0,5,16,0,0.86,13,Pune,-5.0,5.0,-12.5,2023,6,25,50.16,33.8,33.4,44.0,22.0,33.0,True,False,False
26,2023-06-25,Instant Noodles,Kolkata,25.6,26.6,21,19,0,0.82,8,Delhi,1.0,1.0,3.90625,2023,6,25,30.35,11.1,9.0,20.480000000000004,10.240000000000002,15.360000000000003,False,False,False
26,2023-06-25,Instant Noodles,Delhi,37.0,36.0,22,20,0,0.73,11,Delhi,-1.0,1.0,-2.7027027027027026,2023,6,25,30.73,26.0,31.0,37.0,18.5,27.75,False,False,True
27,2023-07-02,Potato Chips,Mumbai,28.6,34.6,13,24,0,0.94,5,Pune,6.0,6.0,20.97902097902098,2023,7,26,39.0,60.96,41.4,31.460000000000004,15.730000000000002,23.595000000000002,True,False,False
27,2023-07-02,Potato Chips,Kolkata,23.6,30.6,21,18,0,0.92,11,Delhi,7.0,7.0,29.66101694915254,2023,7,26,16.9,27.28,20.7,18.880000000000003,9.440000000000001,14.160000000000002,False,False,False
27,2023-07-02,Potato Chips,Delhi,23.0,29.0,17,21,0,0.8,13,Delhi,6.0,6.0,26.08695652173913,2023,7,26,24.0,54.19,38.0,23.0,11.5,17.25,False,False,True
27,2023-07-02,Nachos,Mumbai,49.2,50.2,13,16,0,0.81,8,Pune,1.0,1.0,2.0325203252032518,2023,7,26,43.6,78.04,44.0,54.120000000000005,27.060000000000002,40.59,True,False,False
27,2023-07-02,Nachos,Kolkata,15.2,19.2,17,18,0,0.7,5,Delhi,4.0,4.0,26.31578947368421,2023,7,26,18.9,22.66,23.4,12.16,6.08,9.120000000000001,False,False,False
27,2023-07-02,Nachos,Delhi,31.0,31.0,24,20,0,0.76,9,Delhi,0.0,0.0,0.0,2023,7,26,36.0,52.24,32.0,31.0,15.5,23.25,False,False,True
27,2023-07-02,Cookies,Mumbai,45.8,42.8,12,20,0,0.88,10,Pune,-3.0,3.0,-6.550218340611353,2023,7,26,49.2,61.7,34.0,50.38,25.19,37.785000000000004,True,False,False
27,2023-07-02,Cookies,Kolkata,33.0,26.0,45,16,0,0.78,7,Delhi,-7.0,7.0,-21.21212121212121,2023,7,26,26.0,41.67,17.0,33.0,16.5,24.75,False,False,False
27,2023-07-02,Cookies,Delhi,31.0,34.0,19,15,0,0.72,11,Delhi,3.0,3.0,9.67741935483871,2023,7,26,16.0,58.22,39.0,31.0,15.5,23.25,False,False,True
27,2023-07-02,Energy Bar,Mumbai,25.8,27.8,5,19,0,0.7,12,Pune,2.0,2.0,7.751937984496124,2023,7,26,25.2,63.22,37.6,28.380000000000003,14.190000000000001,21.285000000000004,True,False,False
27,2023-07-02,Energy Bar,Kolkata,19.8,12.8,12,16,0,0.73,11,Delhi,-7.0,7.0,-35.35353535353536,2023,7,26,31.6,27.7,16.1,15.840000000000002,7.920000000000001,11.88,False,False,True
27,2023-07-02,Energy Bar,Delhi,24.0,24.0,23,20,0,0.78,12,Delhi,0.0,0.0,0.0,2023,7,26,24.0,47.66,32.0,24.0,12.0,18.0,False,False,False
27,2023-07-02,Instant Noodles,Mumbai,26.8,25.8,10,20,0,0.77,12,Pune,-1.0,1.0,-3.731343283582089,2023,7,26,35.0,50.16,33.8,29.480000000000004,14.740000000000002,22.110000000000003,True,False,False
27,2023-07-02,Instant Noodles,Kolkata,26.2,29.2,15,16,0,0.72,12,Delhi,3.0,3.0,11.450381679389313,2023,7,26,26.6,30.35,11.1,20.96,10.48,15.72,False,False,True
27,2023-07-02,Instant Noodles,Delhi,30.0,34.0,16,22,0,0.8,10,Delhi,4.0,4.0,13.333333333333334,2023,7,26,36.0,30.73,26.0,30.0,15.0,22.5,False,False,True
28,2023-07-09,Potato Chips,Mumbai,35.4,29.4,8,19,0,0.71,7,Pune,-6.0,6.0,-16.949152542372882,2023,7,27,34.6,39.0,60.96,38.940000000000005,19.470000000000002,29.205000000000005,True,False,False
28,2023-07-09,Potato Chips,Kolkata,29.6,19.6,16,21,0,0.92,14,Delhi,-10.0,10.0,-33.78378378378378,2023,7,27,30.6,16.9,27.28,23.680000000000003,11.840000000000002,17.76,False,False,True
28,2023-07-09,Potato Chips,Delhi,27.0,25.0,13,16,0,0.76,8,Delhi,-2.0,2.0,-7.4074074074074066,2023,7,27,29.0,24.0,54.19,27.0,13.5,20.25,True,False,False
28,2023-07-09,Nachos,Mumbai,47.6,43.6,12,21,0,0.88,11,Pune,-4.0,4.0,-8.403361344537814,2023,7,27,50.2,43.6,78.04,52.36000000000001,26.180000000000003,39.27,True,False,False
28,2023-07-09,Nachos,Kolkata,19.1,17.1,24,23,0,0.89,13,Delhi,-2.0,2.0,-10.471204188481673,2023,7,27,19.2,18.9,22.66,15.280000000000001,7.640000000000001,11.46,False,True,False
28,2023-07-09,Nachos,Delhi,40.0,30.0,15,20,0,0.92,12,Delhi,-10.0,10.0,-25.0,2023,7,27,31.0,36.0,52.24,40.0,20.0,30.0,True,False,False
28,2023-07-09,Cookies,Mumbai,53.8,48.8,11,23,0,0.72,13,Pune,-5.0,5.0,-9.29368029739777,2023,7,27,42.8,49.2,61.7,59.18,29.59,44.385,True,False,False
28,2023-07-09,Cookies,Kolkata,17.0,14.0,41,18,0,0.9,7,Delhi,-3.0,3.0,-17.647058823529413,2023,7,27,26.0,26.0,41.67,17.0,8.5,12.75,False,True,False
28,2023-07-09,Cookies,Delhi,29.0,32.0,21,17,0,0.72,14,Delhi,3.0,3.0,10.344827586206897,2023,7,27,34.0,16.0,58.22,29.0,14.5,21.75,False,False,True
28,2023-07-09,Energy Bar,Mumbai,31.0,30.0,14,21,0,0.76,9,Pune,-1.0,1.0,-3.225806451612903,2023,7,27,27.8,25.2,63.22,34.1,17.05,25.575000000000003,True,False,False
28,2023-07-09,Energy Bar,Kolkata,16.0,7.0,13,23,0,0.77,9,Delhi,-9.0,9.0,-56.25,2023,7,27,12.8,31.6,27.7,12.8,6.4,9.600000000000001,False,False,False
28,2023-07-09,Energy Bar,Delhi,36.0,36.0,19,15,0,0.79,11,Delhi,0.0,0.0,0.0,2023,7,27,24.0,24.0,47.66,36.0,18.0,27.0,False,False,True
28,2023-07-09,Instant Noodles,Mumbai,36.2,33.2,13,17,0,0.79,11,Pune,-3.0,3.0,-8.287292817679557,2023,7,27,25.8,35.0,50.16,39.82000000000001,19.910000000000004,29.865000000000006,True,False,False
28,2023-07-09,Instant Noodles,Kolkata,15.6,15.6,24,16,0,0.75,13,Delhi,0.0,0.0,0.0,2023,7,27,29.2,26.6,30.35,12.48,6.24,9.36,False,True,False
28,2023-07-09,Instant Noodles,Delhi,25.0,18.0,13,21,0,0.85,6,Delhi,-7.0,7.0,-28.000000000000004,2023,7,27,34.0,36.0,30.73,25.0,12.5,18.75,False,False,True
29,2023-07-16,Potato Chips,Mumbai,41.2,35.2,5,17,0,0.78,9,Pune,-6.0,6.0,-14.563106796116504,2023,7,28,29.4,34.6,39.0,45.32000000000001,22.660000000000004,33.99000000000001,True,False,False
29,2023-07-16,Potato Chips,Kolkata,18.9,14.9,14,17,0,0.87,5,Delhi,-3.9999999999999982,3.9999999999999982,-21.164021164021158,2023,7,28,19.6,30.6,16.9,15.12,7.56,11.34,False,False,False
29,2023-07-16,Potato Chips,Delhi,28.0,26.0,19,19,0,0.93,6,Delhi,-2.0,2.0,-7.142857142857142,2023,7,28,25.0,29.0,24.0,28.0,14.0,21.0,False,False,True
29,2023-07-16,Nachos,Mumbai,48.4,45.4,8,17,0,0.8,5,Pune,-3.0,3.0,-6.198347107438017,2023,7,28,43.6,50.2,43.6,53.24,26.62,39.93,True,False,False
29,2023-07-16,Nachos,Kolkata,21.7,26.7,20,23,0,0.94,14,Delhi,5.0,5.0,23.04147465437788,2023,7,28,17.1,19.2,18.9,17.36,8.68,13.02,False,False,False
29,2023-07-16,Nachos,Delhi,20.0,29.0,24,15,0,0.83,14,Delhi,9.0,9.0,45.0,2023,7,28,30.0,31.0,36.0,20.0,10.0,15.0,False,False,False
29,2023-07-16,Cookies,Mumbai,43.4,46.4,14,23,0,0.73,10,Pune,3.0,3.0,6.912442396313365,2023,7,28,48.8,42.8,49.2,47.74,23.87,35.805,True,False,False
29,2023-07-16,Cookies,Kolkata,25.0,25.0,36,18,0,0.86,9,Delhi,0.0,0.0,0.0,2023,7,28,14.0,26.0,26.0,25.0,12.5,18.75,False,False,False
29,2023-07-16,Cookies,Delhi,24.0,18.0,18,22,0,0.9,13,Delhi,-6.0,6.0,-25.0,2023,7,28,32.0,34.0,16.0,24.0,12.0,18.0,False,False,True
29,2023-07-16,Energy Bar,Mumbai,37.8,37.8,5,23,0,0.93,6,Pune,0.0,0.0,0.0,2023,7,28,30.0,27.8,25.2,41.58,20.79,31.185,True,False,False
29,2023-07-16,Energy Bar,Kolkata,23.4,18.4,19,22,0,0.94,9,Delhi,-5.0,5.0,-21.36752136752137,2023,7,28,7.0,12.8,31.6,18.72,9.36,14.04,False,False,False
29,2023-07-16,Energy Bar,Delhi,35.0,43.0,15,23,0,0.75,14,Delhi,8.0,8.0,22.857142857142858,2023,7,28,36.0,24.0,24.0,35.0,17.5,26.25,True,False,False
29,2023-07-16,Instant Noodles,Mumbai,44.4,45.4,8,24,0,0.78,7,Pune,1.0,1.0,2.2522522522522523,2023,7,28,33.2,25.8,35.0,48.84,24.42,36.63,True,False,False
29,2023-07-16,Instant Noodles,Kolkata,20.0,17.0,24,15,0,0.79,8,Delhi,-3.0,3.0,-15.0,2023,7,28,15.6,29.2,26.6,16.0,8.0,12.0,False,False,False
29,2023-07-16,Instant Noodles,Delhi,27.0,26.0,24,23,0,0.87,14,Delhi,-1.0,1.0,-3.7037037037037033,2023,7,28,18.0,34.0,36.0,27.0,13.5,20.25,False,False,True
30,2023-07-23,Potato Chips,Mumbai,46.4,66.6,8,22,1,0.73,6,Pune,20.199999999999996,20.199999999999996,43.534482758620676,2023,7,29,35.2,29.4,34.6,74.00800000000001,37.004000000000005,55.50600000000001,True,False,False
30,2023-07-23,Potato Chips,Kolkata,13.5,29.92,19,19,1,0.94,10,Delhi,16.42,16.42,121.62962962962965,2023,7,29,14.9,19.6,30.6,15.66,7.83,11.745000000000001,False,False,False
30,2023-07-23,Potato Chips,Delhi,25.0,42.9,19,17,1,0.74,12,Delhi,17.9,17.9,71.6,2023,7,29,26.0,25.0,29.0,36.25,18.125,27.1875,False,False,True
30,2023-07-23,Nachos,Mumbai,38.4,64.35,12,16,1,0.91,10,Pune,25.949999999999996,25.949999999999996,67.57812499999999,2023,7,29,45.4,43.6,50.2,61.248000000000005,30.624000000000002,45.93600000000001,True,False,False
30,2023-07-23,Nachos,Kolkata,17.6,29.3,20,24,1,0.83,9,Delhi,11.7,11.7,66.47727272727272,2023,7,29,26.7,17.1,19.2,20.416,10.208,15.312000000000001,False,False,False
30,2023-07-23,Nachos,Delhi,34.0,50.45,15,16,1,0.95,8,Delhi,16.450000000000003,16.450000000000003,48.38235294117648,2023,7,29,29.0,30.0,31.0,49.3,24.65,36.974999999999994,True,False,False
30,2023-07-23,Cookies,Mumbai,40.4,68.94,5,15,1,0.94,9,Pune,28.54,28.54,70.64356435643563,2023,7,29,46.4,48.8,42.8,64.438,32.219,48.328500000000005,True,False,False
30,2023-07-23,Cookies,Kolkata,31.0,52.38,42,24,1,0.82,8,Delhi,21.380000000000003,21.380000000000003,68.96774193548389,2023,7,29,25.0,14.0,26.0,44.949999999999996,22.474999999999998,33.7125,False,False,False
30,2023-07-23,Cookies,Delhi,29.0,42.16,20,18,1,0.84,10,Delhi,13.159999999999997,13.159999999999997,45.37931034482757,2023,7,29,18.0,32.0,34.0,42.05,21.025,31.537499999999998,True,False,False
30,2023-07-23,Energy Bar,Mumbai,46.4,60.39,5,24,1,0.9,9,Pune,13.990000000000002,13.990000000000002,30.150862068965523,2023,7,29,37.8,30.0,27.8,74.00800000000001,37.004000000000005,55.50600000000001,True,False,False
30,2023-07-23,Energy Bar,Kolkata,22.3,30.14,20,20,1,0.81,13,Delhi,7.84,7.84,35.156950672645735,2023,7,29,18.4,7.0,12.8,25.868000000000002,12.934000000000001,19.401000000000003,False,False,True
30,2023-07-23,Energy Bar,Delhi,26.0,30.78,17,21,1,0.93,7,Delhi,4.780000000000001,4.780000000000001,18.384615384615387,2023,7,29,43.0,36.0,24.0,37.699999999999996,18.849999999999998,28.275,True,False,False
30,2023-07-23,Instant Noodles,Mumbai,31.0,34.33,5,18,1,0.72,7,Pune,3.3299999999999983,3.3299999999999983,10.741935483870963,2023,7,29,45.4,33.2,25.8,49.445,24.7225,37.08375,True,False,False
30,2023-07-23,Instant Noodles,Kolkata,10.4,24.24,23,15,1,0.9,8,Delhi,13.839999999999998,13.839999999999998,133.07692307692304,2023,7,29,17.0,15.6,29.2,12.064,6.032,9.048,False,True,False
30,2023-07-23,Instant Noodles,Delhi,38.0,52.0,10,16,1,0.93,14,Delhi,14.0,14.0,36.84210526315789,2023,7,29,26.0,18.0,34.0,55.1,27.55,41.325,True,False,False
31,2023-07-30,Potato Chips,Mumbai,42.8,46.8,10,23,0,0.71,14,Pune,4.0,4.0,9.345794392523366,2023,7,30,66.6,35.2,29.4,47.08,23.54,35.31,True,False,False
31,2023-07-30,Potato Chips,Kolkata,9.0,14.0,22,23,0,0.94,9,Delhi,5.0,5.0,55.55555555555556,2023,7,30,29.92,14.9,19.6,7.2,3.6,5.4,False,True,False
31,2023-07-30,Potato Chips,Delhi,32.0,25.0,21,24,0,0.91,11,Delhi,-7.0,7.0,-21.875,2023,7,30,42.9,26.0,25.0,32.0,16.0,24.0,False,False,True
31,2023-07-30,Nachos,Mumbai,48.6,47.6,5,19,0,0.89,11,Pune,-1.0,1.0,-2.05761316872428,2023,7,30,64.35,45.4,43.6,53.46000000000001,26.730000000000004,40.095000000000006,True,False,False
31,2023-07-30,Nachos,Kolkata,18.3,16.3,22,22,0,0.75,7,Delhi,-2.0,2.0,-10.92896174863388,2023,7,30,29.3,26.7,17.1,14.64,7.32,10.98,False,True,False
31,2023-07-30,Nachos,Delhi,36.0,41.0,18,18,0,0.77,7,Delhi,5.0,5.0,13.88888888888889,2023,7,30,50.45,29.0,30.0,36.0,18.0,27.0,False,False,True
31,2023-07-30,Cookies,Mumbai,28.6,33.6,10,22,0,0.71,8,Pune,5.0,5.0,17.482517482517483,2023,7,30,68.94,46.4,48.8,31.460000000000004,15.730000000000002,23.595000000000002,True,False,False
31,2023-07-30,Cookies,Kolkata,23.0,17.0,32,16,0,0.92,11,Delhi,-6.0,6.0,-26.08695652173913,2023,7,30,52.38,25.0,14.0,23.0,11.5,17.25,False,False,False
31,2023-07-30,Cookies,Delhi,40.0,45.0,14,23,0,0.7,13,Delhi,5.0,5.0,12.5,2023,7,30,42.16,18.0,32.0,40.0,20.0,30.0,True,False,False
31,2023-07-30,Energy Bar,Mumbai,34.0,35.0,6,21,0,0.78,8,Pune,1.0,1.0,2.941176470588235,2023,7,30,60.39,37.8,30.0,37.400000000000006,18.700000000000003,28.050000000000004,True,False,False
31,2023-07-30,Energy Bar,Kolkata,12.4,11.4,21,20,0,0.88,8,Delhi,-1.0,1.0,-8.064516129032258,2023,7,30,30.14,18.4,7.0,9.920000000000002,4.960000000000001,7.440000000000001,False,True,False
31,2023-07-30,Energy Bar,Delhi,37.0,33.0,19,16,0,0.92,9,Delhi,-4.0,4.0,-10.81081081081081,2023,7,30,30.78,43.0,36.0,37.0,18.5,27.75,False,False,True
31,2023-07-30,Instant Noodles,Mumbai,46.0,55.0,10,20,0,0.8,12,Pune,9.0,9.0,19.565217391304348,2023,7,30,34.33,45.4,33.2,50.6,25.3,37.95,True,False,False
31,2023-07-30,Instant Noodles,Kolkata,13.9,17.9,24,24,0,0.88,6,Delhi,3.9999999999999982,3.9999999999999982,28.776978417266175,2023,7,30,24.24,17.0,15.6,11.120000000000001,5.5600000000000005,8.34,False,True,False
31,2023-07-30,Instant Noodles,Delhi,23.0,30.0,15,23,0,0.79,8,Delhi,7.0,7.0,30.434782608695656,2023,7,30,52.0,26.0,18.0,23.0,11.5,17.25,False,False,True
32,2023-08-06,Potato Chips,Mumbai,50.6,44.6,5,15,0,0.83,13,Pune,-6.0,6.0,-11.857707509881422,2023,8,31,46.8,66.6,35.2,55.660000000000004,27.830000000000002,41.745000000000005,True,False,False
32,2023-08-06,Potato Chips,Kolkata,24.6,26.6,11,22,0,0.75,11,Delhi,2.0,2.0,8.130081300813007,2023,8,31,14.0,29.92,14.9,19.680000000000003,9.840000000000002,14.760000000000002,False,False,True
32,2023-08-06,Potato Chips,Delhi,20.0,27.0,16,23,0,0.77,13,Delhi,7.0,7.0,35.0,2023,8,31,25.0,42.9,26.0,20.0,10.0,15.0,False,False,True
32,2023-08-06,Nachos,Mumbai,39.2,35.2,5,17,0,0.73,5,Pune,-4.0,4.0,-10.20408163265306,2023,8,31,47.6,64.35,45.4,43.120000000000005,21.560000000000002,32.34,True,False,False
32,2023-08-06,Nachos,Kolkata,22.7,14.7,12,24,0,0.74,8,Delhi,-8.0,8.0,-35.24229074889868,2023,8,31,16.3,29.3,26.7,18.16,9.08,13.620000000000001,False,False,True
32,2023-08-06,Nachos,Delhi,32.0,33.0,12,22,0,0.9,5,Delhi,1.0,1.0,3.125,2023,8,31,41.0,50.45,29.0,32.0,16.0,24.0,True,False,False
32,2023-08-06,Cookies,Mumbai,42.2,42.2,7,17,0,0.88,5,Pune,0.0,0.0,0.0,2023,8,31,33.6,68.94,46.4,46.42000000000001,23.210000000000004,34.815000000000005,True,False,False
32,2023-08-06,Cookies,Kolkata,38.0,29.0,34,20,0,0.73,7,Delhi,-9.0,9.0,-23.684210526315788,2023,8,31,17.0,52.38,25.0,38.0,19.0,28.5,False,False,True
32,2023-08-06,Cookies,Delhi,42.0,34.0,21,21,0,0.78,10,Delhi,-8.0,8.0,-19.047619047619047,2023,8,31,45.0,42.16,18.0,42.0,21.0,31.5,False,False,True
32,2023-08-06,Energy Bar,Mumbai,56.2,52.2,13,22,0,0.93,6,Pune,-4.0,4.0,-7.117437722419928,2023,8,31,35.0,60.39,37.8,61.82000000000001,30.910000000000004,46.36500000000001,True,False,False
32,2023-08-06,Energy Bar,Kolkata,25.5,18.5,13,22,0,0.71,5,Delhi,-7.0,7.0,-27.450980392156865,2023,8,31,11.4,30.14,18.4,20.400000000000002,10.200000000000001,15.3,False,False,True
32,2023-08-06,Energy Bar,Delhi,30.0,34.0,21,15,0,0.93,9,Delhi,4.0,4.0,13.333333333333334,2023,8,31,33.0,30.78,43.0,30.0,15.0,22.5,False,False,True
32,2023-08-06,Instant Noodles,Mumbai,45.2,49.2,5,16,0,0.81,7,Pune,4.0,4.0,8.849557522123893,2023,8,31,55.0,34.33,45.4,49.720000000000006,24.860000000000003,37.290000000000006,True,False,False
32,2023-08-06,Instant Noodles,Kolkata,12.8,15.8,13,15,0,0.86,10,Delhi,3.0,3.0,23.4375,2023,8,31,17.9,24.24,17.0,10.240000000000002,5.120000000000001,7.6800000000000015,False,False,False
32,2023-08-06,Instant Noodles,Delhi,27.0,21.0,15,22,0,0.95,12,Delhi,-6.0,6.0,-22.22222222222222,2023,8,31,30.0,52.0,26.0,27.0,13.5,20.25,False,False,True
33,2023-08-13,Potato Chips,Mumbai,55.8,51.8,9,24,0,0.74,10,Pune,-4.0,4.0,-7.168458781362008,2023,8,32,44.6,46.8,66.6,61.38,30.69,46.035000000000004,True,False,False
33,2023-08-13,Potato Chips,Kolkata,19.8,18.8,13,23,0,0.75,5,Delhi,-1.0,1.0,-5.05050505050505,2023,8,32,26.6,14.0,29.92,15.840000000000002,7.920000000000001,11.88,False,False,True
33,2023-08-13,Potato Chips,Delhi,32.0,33.0,11,23,0,0.89,6,Delhi,1.0,1.0,3.125,2023,8,32,27.0,25.0,42.9,32.0,16.0,24.0,True,False,False
33,2023-08-13,Nachos,Mumbai,40.6,43.6,6,21,0,0.74,10,Pune,3.0,3.0,7.389162561576354,2023,8,32,35.2,47.6,64.35,44.660000000000004,22.330000000000002,33.495000000000005,True,False,False
33,2023-08-13,Nachos,Kolkata,30.3,31.3,12,18,0,0.72,6,Delhi,1.0,1.0,3.3003300330033,2023,8,32,14.7,16.3,29.3,24.240000000000002,12.120000000000001,18.18,True,False,False
33,2023-08-13,Nachos,Delhi,21.0,24.0,19,23,0,0.88,10,Delhi,3.0,3.0,14.285714285714285,2023,8,32,33.0,41.0,50.45,21.0,10.5,15.75,False,False,False
33,2023-08-13,Cookies,Mumbai,37.2,33.2,12,18,0,0.94,14,Pune,-4.0,4.0,-10.75268817204301,2023,8,32,42.2,33.6,68.94,40.92000000000001,20.460000000000004,30.690000000000005,True,False,False
33,2023-08-13,Cookies,Kolkata,28.0,27.0,48,19,0,0.75,10,Delhi,-1.0,1.0,-3.571428571428571,2023,8,32,29.0,17.0,52.38,28.0,14.0,21.0,False,True,False
33,2023-08-13,Cookies,Delhi,19.0,28.0,21,15,0,0.7,8,Delhi,9.0,9.0,47.368421052631575,2023,8,32,34.0,45.0,42.16,19.0,9.5,14.25,False,False,False
33,2023-08-13,Energy Bar,Mumbai,31.4,31.4,5,24,0,0.8,14,Pune,0.0,0.0,0.0,2023,8,32,52.2,35.0,60.39,34.54,17.27,25.905,True,False,False
33,2023-08-13,Energy Bar,Kolkata,17.5,11.5,20,20,0,0.78,8,Delhi,-6.0,6.0,-34.285714285714285,2023,8,32,18.5,11.4,30.14,14.0,7.0,10.5,False,False,False
33,2023-08-13,Energy Bar,Delhi,32.0,35.0,20,24,0,0.95,5,Delhi,3.0,3.0,9.375,2023,8,32,34.0,33.0,30.78,32.0,16.0,24.0,False,False,True
33,2023-08-13,Instant Noodles,Mumbai,45.0,36.0,5,22,0,0.86,9,Pune,-9.0,9.0,-20.0,2023,8,32,49.2,55.0,34.33,49.50000000000001,24.750000000000004,37.12500000000001,True,False,False
33,2023-08-13,Instant Noodles,Kolkata,21.8,16.8,18,19,0,0.72,6,Delhi,-5.0,5.0,-22.93577981651376,2023,8,32,15.8,17.9,24.24,17.44,8.72,13.080000000000002,False,False,False
33,2023-08-13,Instant Noodles,Delhi,23.0,29.0,10,16,0,0.79,11,Delhi,6.0,6.0,26.08695652173913,2023,8,32,21.0,30.0,52.0,23.0,11.5,17.25,True,False,False
34,2023-08-20,Potato Chips,Mumbai,36.6,35.6,5,22,0,0.75,14,Pune,-1.0,1.0,-2.73224043715847,2023,8,33,51.8,44.6,46.8,40.260000000000005,20.130000000000003,30.195000000000004,True,False,False
34,2023-08-20,Potato Chips,Kolkata,12.5,20.5,23,22,0,0.72,14,Delhi,8.0,8.0,64.0,2023,8,33,18.8,26.6,14.0,10.0,5.0,7.5,False,True,False
34,2023-08-20,Potato Chips,Delhi,39.0,39.0,18,21,0,0.77,5,Delhi,0.0,0.0,0.0,2023,8,33,33.0,27.0,25.0,39.0,19.5,29.25,True,False,False
34,2023-08-20,Nachos,Mumbai,36.6,36.6,5,16,0,0.86,10,Pune,0.0,0.0,0.0,2023,8,33,43.6,35.2,47.6,40.260000000000005,20.130000000000003,30.195000000000004,True,False,False
34,2023-08-20,Nachos,Kolkata,16.9,21.9,14,16,0,0.91,10,Delhi,5.0,5.0,29.585798816568047,2023,8,33,31.3,14.7,16.3,13.52,6.76,10.14,False,False,False
34,2023-08-20,Nachos,Delhi,34.0,26.0,15,21,0,0.71,10,Delhi,-8.0,8.0,-23.52941176470588,2023,8,33,24.0,33.0,41.0,34.0,17.0,25.5,True,False,False
34,2023-08-20,Cookies,Mumbai,27.2,38.2,5,16,0,0.8,10,Pune,11.000000000000004,11.000000000000004,40.441176470588246,2023,8,33,33.2,42.2,33.6,29.92,14.96,22.44,True,False,False
34,2023-08-20,Cookies,Kolkata,24.0,22.0,46,24,0,0.94,6,Delhi,-2.0,2.0,-8.333333333333332,2023,8,33,27.0,29.0,17.0,24.0,12.0,18.0,False,True,False
34,2023-08-20,Cookies,Delhi,23.0,22.0,12,17,0,0.9,5,Delhi,-1.0,1.0,-4.3478260869565215,2023,8,33,28.0,34.0,45.0,23.0,11.5,17.25,False,False,True
34,2023-08-20,Energy Bar,Mumbai,34.2,33.2,5,24,0,0.91,13,Pune,-1.0,1.0,-2.923976608187134,2023,8,33,31.4,52.2,35.0,37.620000000000005,18.810000000000002,28.215000000000003,True,False,False
34,2023-08-20,Energy Bar,Kolkata,23.4,21.4,14,18,0,0.86,5,Delhi,-2.0,2.0,-8.547008547008547,2023,8,33,11.5,18.5,11.4,18.72,9.36,14.04,False,False,True
34,2023-08-20,Energy Bar,Delhi,33.0,22.0,10,19,0,0.93,10,Delhi,-11.0,11.0,-33.33333333333333,2023,8,33,35.0,34.0,33.0,33.0,16.5,24.75,True,False,False
34,2023-08-20,Instant Noodles,Mumbai,50.2,54.2,5,19,0,0.87,5,Pune,4.0,4.0,7.968127490039841,2023,8,33,36.0,49.2,55.0,55.220000000000006,27.610000000000003,41.415000000000006,True,False,False
34,2023-08-20,Instant Noodles,Kolkata,22.7,27.7,18,20,0,0.77,9,Delhi,5.0,5.0,22.026431718061676,2023,8,33,16.8,15.8,17.9,18.16,9.08,13.620000000000001,False,False,False
34,2023-08-20,Instant Noodles,Delhi,30.0,31.0,22,15,0,0.89,9,Delhi,1.0,1.0,3.3333333333333335,2023,8,33,29.0,21.0,30.0,30.0,15.0,22.5,False,False,True
35,2023-08-27,Potato Chips,Mumbai,28.4,37.31,13,20,1,0.84,5,Pune,8.910000000000004,8.910000000000004,31.37323943661973,2023,8,34,35.6,51.8,44.6,45.298,22.649,33.9735,True,False,False
35,2023-08-27,Potato Chips,Kolkata,25.0,33.25,19,17,1,0.76,13,Delhi,8.25,8.25,33.0,2023,8,34,20.5,18.8,26.6,29.0,14.5,21.75,False,False,True
35,2023-08-27,Potato Chips,Delhi,30.0,38.77,24,17,1,0.78,12,Delhi,8.770000000000003,8.770000000000003,29.233333333333345,2023,8,34,39.0,33.0,27.0,43.5,21.75,32.625,False,False,True
35,2023-08-27,Nachos,Mumbai,40.8,60.49,5,17,1,0.87,12,Pune,19.690000000000005,19.690000000000005,48.25980392156865,2023,8,34,36.6,43.6,35.2,65.07600000000001,32.538000000000004,48.807,True,False,False
35,2023-08-27,Nachos,Kolkata,27.8,27.73,11,17,1,0.84,5,Delhi,-0.07000000000000028,0.07000000000000028,-0.2517985611510802,2023,8,34,21.9,31.3,14.7,32.248000000000005,16.124000000000002,24.186000000000003,True,False,False
35,2023-08-27,Nachos,Delhi,16.0,35.44,22,21,1,0.74,14,Delhi,19.439999999999998,19.439999999999998,121.49999999999999,2023,8,34,26.0,24.0,33.0,23.2,11.6,17.4,False,False,False
35,2023-08-27,Cookies,Mumbai,51.4,73.14,5,17,1,0.75,5,Pune,21.740000000000002,21.740000000000002,42.29571984435798,2023,8,34,38.2,33.2,42.2,81.983,40.9915,61.48725,True,False,False
35,2023-08-27,Cookies,Kolkata,25.0,44.42,46,23,1,0.87,7,Delhi,19.42,19.42,77.68,2023,8,34,22.0,27.0,29.0,36.25,18.125,27.1875,False,False,False
35,2023-08-27,Cookies,Delhi,33.0,50.35,21,23,1,0.88,13,Delhi,17.35,17.35,52.57575757575758,2023,8,34,22.0,28.0,34.0,47.85,23.925,35.8875,True,False,False
35,2023-08-27,Energy Bar,Mumbai,31.0,42.65,5,17,1,0.77,11,Pune,11.649999999999999,11.649999999999999,37.58064516129031,2023,8,34,33.2,31.4,52.2,49.445,24.7225,37.08375,True,False,False
35,2023-08-27,Energy Bar,Kolkata,20.1,35.24,22,17,1,0.7,13,Delhi,15.14,15.14,75.32338308457712,2023,8,34,21.4,11.5,18.5,23.316000000000003,11.658000000000001,17.487000000000002,False,False,False
35,2023-08-27,Energy Bar,Delhi,23.0,34.23,17,20,1,0.82,13,Delhi,11.229999999999997,11.229999999999997,48.82608695652173,2023,8,34,22.0,35.0,34.0,33.35,16.675,25.012500000000003,False,False,True
35,2023-08-27,Instant Noodles,Mumbai,35.8,52.13,8,15,1,0.72,6,Pune,16.330000000000005,16.330000000000005,45.61452513966483,2023,8,34,54.2,36.0,49.2,57.101,28.5505,42.82575,True,False,False
35,2023-08-27,Instant Noodles,Kolkata,22.4,37.33,20,24,1,0.78,7,Delhi,14.93,14.93,66.65178571428572,2023,8,34,27.7,16.8,15.8,25.983999999999998,12.991999999999999,19.488,False,False,True
35,2023-08-27,Instant Noodles,Delhi,22.0,32.4,20,21,1,0.79,8,Delhi,10.399999999999999,10.399999999999999,47.272727272727266,2023,8,34,31.0,29.0,21.0,31.9,15.95,23.924999999999997,False,False,True
